name,size
h3_initial_tree_size_uncompressed,6656
h3_initial_updates_size_uncompressed,312
h3_update_packet_size,248
h3_compressed_updates_size,248
h3_tree_packet_size,1104
h3_compressed_tree_size,1104
h3_received_tree_update_uncompressed,2024
h3_received_tree_update_compressed,2024
h0_initial_tree_size_uncompressed,34480
h0_initial_updates_size_uncompressed,2104
h0_update_packet_size,848
h0_compressed_updates_size,848
h0_tree_packet_size,7064
h0_compressed_tree_size,7064
h2_initial_tree_size_uncompressed,6672
h2_initial_updates_size_uncompressed,320
h2_update_packet_size,264
h2_compressed_updates_size,264
h2_tree_packet_size,1120
h2_compressed_tree_size,1120
h2_received_tree_update_uncompressed,2024
h2_received_tree_update_compressed,2024
h1_initial_tree_size_uncompressed,6688
h1_initial_updates_size_uncompressed,328
h1_update_packet_size,272
h1_compressed_updates_size,272
h1_tree_packet_size,1136
h1_compressed_tree_size,1136
h1_received_tree_update_uncompressed,2024
h1_received_tree_update_compressed,2024
h4_initial_tree_size_uncompressed,6640
h4_initial_updates_size_uncompressed,304
h4_update_packet_size,248
h4_compressed_updates_size,248
h4_tree_packet_size,1096
h4_compressed_tree_size,1096
h4_received_tree_update_uncompressed,2024
h4_received_tree_update_compressed,2024
