name,size
h3_initial_tree_size_uncompressed,6688
h3_initial_updates_size_uncompressed,328
h3_update_packet_size,272
h3_compressed_updates_size,272
h3_tree_packet_size,1136
h3_compressed_tree_size,1136
h3_received_tree_update_uncompressed,2032
h3_received_tree_update_compressed,2032
h0_initial_tree_size_uncompressed,34480
h0_initial_updates_size_uncompressed,2080
h0_update_packet_size,864
h0_compressed_updates_size,864
h0_tree_packet_size,6952
h0_compressed_tree_size,6952
h2_initial_tree_size_uncompressed,6704
h2_initial_updates_size_uncompressed,336
h2_update_packet_size,272
h2_compressed_updates_size,272
h2_tree_packet_size,1152
h2_compressed_tree_size,1152
h2_received_tree_update_uncompressed,2032
h2_received_tree_update_compressed,2032
h1_initial_tree_size_uncompressed,6672
h1_initial_updates_size_uncompressed,320
h1_update_packet_size,264
h1_compressed_updates_size,264
h1_tree_packet_size,1128
h1_compressed_tree_size,1128
h1_received_tree_update_uncompressed,2032
h1_received_tree_update_compressed,2032
h4_initial_tree_size_uncompressed,6704
h4_initial_updates_size_uncompressed,336
h4_update_packet_size,280
h4_compressed_updates_size,280
h4_tree_packet_size,1152
h4_compressed_tree_size,1152
h4_received_tree_update_uncompressed,2032
h4_received_tree_update_compressed,2032
