name,size
h3_initial_tree_size_uncompressed,6720
h3_initial_updates_size_uncompressed,344
h3_update_packet_size,288
h3_compressed_updates_size,288
h3_tree_packet_size,1168
h3_compressed_tree_size,1168
h3_received_tree_update_uncompressed,1888
h3_received_tree_update_compressed,1888
h0_initial_tree_size_uncompressed,33024
h0_initial_updates_size_uncompressed,1960
h0_update_packet_size,728
h0_compressed_updates_size,728
h0_tree_packet_size,6520
h0_compressed_tree_size,6520
h2_initial_tree_size_uncompressed,6640
h2_initial_updates_size_uncompressed,304
h2_update_packet_size,248
h2_compressed_updates_size,248
h2_tree_packet_size,1096
h2_compressed_tree_size,1096
h2_received_tree_update_uncompressed,1888
h2_received_tree_update_compressed,1888
h1_initial_tree_size_uncompressed,6672
h1_initial_updates_size_uncompressed,320
h1_update_packet_size,256
h1_compressed_updates_size,256
h1_tree_packet_size,1120
h1_compressed_tree_size,1120
h1_received_tree_update_uncompressed,1888
h1_received_tree_update_compressed,1888
h4_initial_tree_size_uncompressed,6656
h4_initial_updates_size_uncompressed,312
h4_update_packet_size,248
h4_compressed_updates_size,248
h4_tree_packet_size,1104
h4_compressed_tree_size,1104
h4_received_tree_update_uncompressed,1888
h4_received_tree_update_compressed,1888
