name,size
h3_initial_tree_size_uncompressed,6672
h3_initial_updates_size_uncompressed,320
h3_update_packet_size,264
h3_compressed_updates_size,264
h3_tree_packet_size,1120
h3_compressed_tree_size,1120
h3_received_tree_update_uncompressed,2064
h3_received_tree_update_compressed,2064
h0_initial_tree_size_uncompressed,34088
h0_initial_updates_size_uncompressed,2152
h0_update_packet_size,904
h0_compressed_updates_size,904
h0_tree_packet_size,6896
h0_compressed_tree_size,6896
h2_initial_tree_size_uncompressed,6624
h2_initial_updates_size_uncompressed,296
h2_update_packet_size,240
h2_compressed_updates_size,240
h2_tree_packet_size,1072
h2_compressed_tree_size,1072
h2_received_tree_update_uncompressed,2064
h2_received_tree_update_compressed,2064
h1_initial_tree_size_uncompressed,6704
h1_initial_updates_size_uncompressed,336
h1_update_packet_size,280
h1_compressed_updates_size,280
h1_tree_packet_size,1160
h1_compressed_tree_size,1160
h1_received_tree_update_uncompressed,2064
h1_received_tree_update_compressed,2064
h4_initial_tree_size_uncompressed,6672
h4_initial_updates_size_uncompressed,320
h4_update_packet_size,264
h4_compressed_updates_size,264
h4_tree_packet_size,1128
h4_compressed_tree_size,1128
h4_received_tree_update_uncompressed,2064
h4_received_tree_update_compressed,2064
