name,size
h3_initial_tree_size_uncompressed,6688
h3_initial_updates_size_uncompressed,328
h3_update_packet_size,264
h3_compressed_updates_size,264
h3_tree_packet_size,1136
h3_compressed_tree_size,1136
h3_received_tree_update_uncompressed,2024
h3_received_tree_update_compressed,2024
h0_initial_tree_size_uncompressed,34560
h0_initial_updates_size_uncompressed,2120
h0_update_packet_size,840
h0_compressed_updates_size,840
h0_tree_packet_size,6960
h0_compressed_tree_size,6960
h2_initial_tree_size_uncompressed,6624
h2_initial_updates_size_uncompressed,296
h2_update_packet_size,240
h2_compressed_updates_size,240
h2_tree_packet_size,1080
h2_compressed_tree_size,1080
h2_received_tree_update_uncompressed,2024
h2_received_tree_update_compressed,2024
h1_initial_tree_size_uncompressed,6640
h1_initial_updates_size_uncompressed,304
h1_update_packet_size,240
h1_compressed_updates_size,240
h1_tree_packet_size,1088
h1_compressed_tree_size,1088
h1_received_tree_update_uncompressed,2024
h1_received_tree_update_compressed,2024
h4_initial_tree_size_uncompressed,6672
h4_initial_updates_size_uncompressed,320
h4_update_packet_size,264
h4_compressed_updates_size,264
h4_tree_packet_size,1120
h4_compressed_tree_size,1120
h4_received_tree_update_uncompressed,2024
h4_received_tree_update_compressed,2024
