name,size
h3_initial_tree_size_uncompressed,6656
h3_initial_updates_size_uncompressed,312
h3_update_packet_size,256
h3_compressed_updates_size,256
h3_tree_packet_size,1112
h3_compressed_tree_size,1112
h3_received_tree_update_uncompressed,1928
h3_received_tree_update_compressed,1928
h0_initial_tree_size_uncompressed,33704
h0_initial_updates_size_uncompressed,1984
h0_update_packet_size,760
h0_compressed_updates_size,760
h0_tree_packet_size,6456
h0_compressed_tree_size,6456
h2_initial_tree_size_uncompressed,6656
h2_initial_updates_size_uncompressed,312
h2_update_packet_size,256
h2_compressed_updates_size,256
h2_tree_packet_size,1112
h2_compressed_tree_size,1112
h2_received_tree_update_uncompressed,1928
h2_received_tree_update_compressed,1928
h1_initial_tree_size_uncompressed,6688
h1_initial_updates_size_uncompressed,328
h1_update_packet_size,272
h1_compressed_updates_size,272
h1_tree_packet_size,1136
h1_compressed_tree_size,1136
h1_received_tree_update_uncompressed,1928
h1_received_tree_update_compressed,1928
h4_initial_tree_size_uncompressed,6688
h4_initial_updates_size_uncompressed,328
h4_update_packet_size,272
h4_compressed_updates_size,272
h4_tree_packet_size,1136
h4_compressed_tree_size,1136
h4_received_tree_update_uncompressed,1928
h4_received_tree_update_compressed,1928
