name,mean,median,stdev,variance,min,max,value
h0_init_interest,34.0,29.0,23.347614677116614,545.1111111111111,12,69,
h1_init_interest,33.6,32.5,21.813349633245746,475.82222222222225,12,74,
h1_join_update,66.4,65.5,33.30398708196296,1109.1555555555556,28,126,
name,mean,median,stdev,variance,value
h0_initial_tree_size_uncompressed,1076184.0,1076184.0,0.0,0,
h0_initial_updates_size_uncompressed,18936.0,18936.0,0.0,0,
h0_update_packet_size,6536.0,6536.0,0.0,0,
h0_compressed_updates_size,6536.0,6536.0,0.0,0,
num_packets_queue,1.0,1.0,0.0,0,
h0_tree_packet_size,8800.0,8800.0,0.0,0,
h0_compressed_tree_size,208576.0,208576.0,0.0,0,
num_packets_tree,24.0,24.0,0.0,0,
h1_received_tree_size,1115096.0,1115096.0,0.0,0,
h1_received_compressed_tree_size,205544.0,205544.0,0.0,0,
