name,mean,median,stdev,variance,value
h0_init_interest,53.8,52.0,41.88025257272878,1753.9555555555555,
h1_init_interest,25.9,12.0,29.86804312304373,892.0999999999999,
h1_join_update,55.4,48.0,34.551732550224195,1193.8222222222223,
name,mean,median,stdev,variance,value
h0_initial_tree_size_uncompressed,205404.0,205548.0,3003.4984046386085,9021002.666666666,
h0_initial_updates_size_uncompressed,2052.8,2048.0,52.55431053258672,2761.9555555555553,
h0_update_packet_size,855.2,848.0,53.126264690828776,2822.4,
h0_compressed_updates_size,855.2,848.0,53.126264690828776,2822.4,
h0_tree_packet_size,8800.0,8800.0,0.0,0,
h0_compressed_tree_size,38123.2,38232.0,442.13944507235374,195487.2888888889,
h1_received_tree_size,213500.0,213628.0,3110.099962666438,9672721.777777778,
h1_received_compressed_tree_size,37519.2,37624.0,440.58062700133434,194111.2888888889,
