name,size
h3_initial_tree_size_uncompressed,6720
h3_initial_updates_size_uncompressed,344
h3_update_packet_size,288
h3_compressed_updates_size,288
h3_tree_packet_size,1176
h3_compressed_tree_size,1176
h3_received_tree_update_uncompressed,2032
h3_received_tree_update_compressed,2032
h0_initial_tree_size_uncompressed,34544
h0_initial_updates_size_uncompressed,2088
h0_update_packet_size,864
h0_compressed_updates_size,864
h0_tree_packet_size,7088
h0_compressed_tree_size,7088
h2_initial_tree_size_uncompressed,6656
h2_initial_updates_size_uncompressed,312
h2_update_packet_size,248
h2_compressed_updates_size,248
h2_tree_packet_size,1104
h2_compressed_tree_size,1104
h2_received_tree_update_uncompressed,2032
h2_received_tree_update_compressed,2032
h1_initial_tree_size_uncompressed,6688
h1_initial_updates_size_uncompressed,328
h1_update_packet_size,272
h1_compressed_updates_size,272
h1_tree_packet_size,1144
h1_compressed_tree_size,1144
h1_received_tree_update_uncompressed,2032
h1_received_tree_update_compressed,2032
h4_initial_tree_size_uncompressed,6688
h4_initial_updates_size_uncompressed,328
h4_update_packet_size,264
h4_compressed_updates_size,264
h4_tree_packet_size,1136
h4_compressed_tree_size,1136
h4_received_tree_update_uncompressed,2032
h4_received_tree_update_compressed,2032
