name,size
h3_received_tree_update_uncompressed,1928
h3_received_tree_update_compressed,1928
h3_initial_tree_size_uncompressed,5872
h3_initial_updates_size_uncompressed,328
h3_update_packet_size,272
h3_compressed_updates_size,272
h3_tree_packet_size,1144
h3_compressed_tree_size,1144
h0_initial_tree_size_uncompressed,32352
h0_initial_updates_size_uncompressed,1976
h0_update_packet_size,760
h0_compressed_updates_size,760
h0_tree_packet_size,6576
h0_compressed_tree_size,6576
h2_initial_tree_size_uncompressed,6640
h2_initial_updates_size_uncompressed,304
h2_update_packet_size,248
h2_compressed_updates_size,248
h2_tree_packet_size,1096
h2_compressed_tree_size,1096
h2_received_tree_update_uncompressed,1928
h2_received_tree_update_compressed,1928
h1_initial_tree_size_uncompressed,6672
h1_initial_updates_size_uncompressed,320
h1_update_packet_size,264
h1_compressed_updates_size,264
h1_tree_packet_size,1120
h1_compressed_tree_size,1120
h1_received_tree_update_uncompressed,1928
h1_received_tree_update_compressed,1928
h4_received_tree_update_uncompressed,1928
h4_received_tree_update_compressed,1928
h4_initial_tree_size_uncompressed,5840
h4_initial_updates_size_uncompressed,312
h4_update_packet_size,248
h4_compressed_updates_size,248
h4_tree_packet_size,1104
h4_compressed_tree_size,1104
