name,size
h3_initial_tree_size_uncompressed,6720
h3_initial_updates_size_uncompressed,344
h3_update_packet_size,288
h3_compressed_updates_size,288
h3_tree_packet_size,1176
h3_compressed_tree_size,1176
h3_received_tree_update_uncompressed,1920
h3_received_tree_update_compressed,1920
h0_initial_tree_size_uncompressed,33008
h0_initial_updates_size_uncompressed,1976
h0_update_packet_size,760
h0_compressed_updates_size,760
h0_tree_packet_size,6552
h0_compressed_tree_size,6552
h2_initial_tree_size_uncompressed,6704
h2_initial_updates_size_uncompressed,336
h2_update_packet_size,272
h2_compressed_updates_size,272
h2_tree_packet_size,1152
h2_compressed_tree_size,1152
h2_received_tree_update_uncompressed,1920
h2_received_tree_update_compressed,1920
h1_initial_tree_size_uncompressed,6624
h1_initial_updates_size_uncompressed,296
h1_update_packet_size,232
h1_compressed_updates_size,232
h1_tree_packet_size,1072
h1_compressed_tree_size,1072
h1_received_tree_update_uncompressed,1920
h1_received_tree_update_compressed,1920
h4_initial_tree_size_uncompressed,6704
h4_initial_updates_size_uncompressed,336
h4_update_packet_size,280
h4_compressed_updates_size,280
h4_tree_packet_size,1160
h4_compressed_tree_size,1160
h4_received_tree_update_uncompressed,1920
h4_received_tree_update_compressed,1920
