name,size
h3_initial_tree_size_uncompressed,6704
h3_initial_updates_size_uncompressed,336
h3_update_packet_size,280
h3_compressed_updates_size,280
h3_tree_packet_size,1152
h3_compressed_tree_size,1152
h3_received_tree_update_uncompressed,2032
h3_received_tree_update_compressed,2032
h0_initial_tree_size_uncompressed,34464
h0_initial_updates_size_uncompressed,2072
h0_update_packet_size,864
h0_compressed_updates_size,864
h0_tree_packet_size,6960
h0_compressed_tree_size,6960
h2_initial_tree_size_uncompressed,6688
h2_initial_updates_size_uncompressed,328
h2_update_packet_size,264
h2_compressed_updates_size,264
h2_tree_packet_size,1136
h2_compressed_tree_size,1136
h2_received_tree_update_uncompressed,2032
h2_received_tree_update_compressed,2032
h1_initial_tree_size_uncompressed,6720
h1_initial_updates_size_uncompressed,344
h1_update_packet_size,288
h1_compressed_updates_size,288
h1_tree_packet_size,1168
h1_compressed_tree_size,1168
h1_received_tree_update_uncompressed,2032
h1_received_tree_update_compressed,2032
h4_received_tree_update_uncompressed,2032
h4_received_tree_update_compressed,2032
h4_initial_tree_size_uncompressed,5872
h4_initial_updates_size_uncompressed,328
h4_update_packet_size,272
h4_compressed_updates_size,272
h4_tree_packet_size,1144
h4_compressed_tree_size,1144
