name,size
h3_initial_tree_size_uncompressed,6640
h3_initial_updates_size_uncompressed,304
h3_update_packet_size,240
h3_compressed_updates_size,240
h3_tree_packet_size,1088
h3_compressed_tree_size,1088
h3_received_tree_update_uncompressed,1944
h3_received_tree_update_compressed,1944
h0_initial_tree_size_uncompressed,33816
h0_initial_updates_size_uncompressed,2016
h0_update_packet_size,776
h0_compressed_updates_size,776
h0_tree_packet_size,6512
h0_compressed_tree_size,6512
h2_initial_tree_size_uncompressed,6704
h2_initial_updates_size_uncompressed,336
h2_update_packet_size,280
h2_compressed_updates_size,280
h2_tree_packet_size,1152
h2_compressed_tree_size,1152
h2_received_tree_update_uncompressed,1944
h2_received_tree_update_compressed,1944
h1_initial_tree_size_uncompressed,6624
h1_initial_updates_size_uncompressed,296
h1_update_packet_size,240
h1_compressed_updates_size,240
h1_tree_packet_size,1072
h1_compressed_tree_size,1072
h1_received_tree_update_uncompressed,1944
h1_received_tree_update_compressed,1944
h4_initial_tree_size_uncompressed,6704
h4_initial_updates_size_uncompressed,336
h4_update_packet_size,280
h4_compressed_updates_size,280
h4_tree_packet_size,1152
h4_compressed_tree_size,1152
h4_received_tree_update_uncompressed,1944
h4_received_tree_update_compressed,1944
