name,size
h3_initial_tree_size_uncompressed,6624
h3_initial_updates_size_uncompressed,296
h3_update_packet_size,240
h3_compressed_updates_size,240
h3_tree_packet_size,1072
h3_compressed_tree_size,1072
h3_received_tree_update_uncompressed,2016
h3_received_tree_update_compressed,2016
h0_initial_tree_size_uncompressed,35840
h0_initial_updates_size_uncompressed,2080
h0_update_packet_size,840
h0_compressed_updates_size,840
h0_tree_packet_size,7064
h0_compressed_tree_size,7064
h2_initial_tree_size_uncompressed,6704
h2_initial_updates_size_uncompressed,336
h2_update_packet_size,280
h2_compressed_updates_size,280
h2_tree_packet_size,1160
h2_compressed_tree_size,1160
h2_received_tree_update_uncompressed,2016
h2_received_tree_update_compressed,2016
h1_initial_tree_size_uncompressed,6720
h1_initial_updates_size_uncompressed,344
h1_update_packet_size,288
h1_compressed_updates_size,288
h1_tree_packet_size,1176
h1_compressed_tree_size,1176
h1_received_tree_update_uncompressed,2016
h1_received_tree_update_compressed,2016
h4_received_tree_update_uncompressed,2016
h4_received_tree_update_compressed,2016
h4_initial_tree_size_uncompressed,5856
h4_initial_updates_size_uncompressed,320
h4_update_packet_size,264
h4_compressed_updates_size,264
h4_tree_packet_size,1128
h4_compressed_tree_size,1128
