name,size
h3_initial_tree_size_uncompressed,6624
h3_initial_updates_size_uncompressed,296
h3_update_packet_size,240
h3_compressed_updates_size,240
h3_tree_packet_size,1072
h3_compressed_tree_size,1072
h3_received_tree_update_uncompressed,2056
h3_received_tree_update_compressed,2056
h0_initial_tree_size_uncompressed,32760
h0_initial_updates_size_uncompressed,2144
h0_update_packet_size,896
h0_compressed_updates_size,896
h0_tree_packet_size,6768
h0_compressed_tree_size,6768
h2_initial_tree_size_uncompressed,6640
h2_initial_updates_size_uncompressed,304
h2_update_packet_size,248
h2_compressed_updates_size,248
h2_tree_packet_size,1096
h2_compressed_tree_size,1096
h2_received_tree_update_uncompressed,2056
h2_received_tree_update_compressed,2056
h1_initial_tree_size_uncompressed,6672
h1_initial_updates_size_uncompressed,320
h1_update_packet_size,256
h1_compressed_updates_size,256
h1_tree_packet_size,1120
h1_compressed_tree_size,1120
h1_received_tree_update_uncompressed,2056
h1_received_tree_update_compressed,2056
h4_initial_tree_size_uncompressed,6672
h4_initial_updates_size_uncompressed,320
h4_update_packet_size,256
h4_compressed_updates_size,256
h4_tree_packet_size,1120
h4_compressed_tree_size,1120
h4_received_tree_update_uncompressed,2056
h4_received_tree_update_compressed,2056
