name,mean,median,stdev,variance,min,max,value
h3_init_interest,28.6,18.5,27.15060875110456,737.1555555555556,4,91,
sync_request,5.675,3.0,6.592099000376832,43.45576923076923,1,24,
h3_receive_updates,18.4,6.0,24.50034013369338,600.2666666666667,5,74,
sync_update,35.8,25.5,22.351733713517618,499.6,19,87,
h0_init_interest,28.6,14.5,29.837336789108154,890.2666666666668,3,98,
h2_init_interest,27.8,13.5,30.069549011878742,904.1777777777778,4,98,
h2_receive_updates,19.0,7.0,24.166091947189145,584,6,74,
h1_init_interest,27.7,13.0,30.125847152680482,907.5666666666666,4,98,
h1_receive_updates,18.4,7.0,23.880256838373132,570.2666666666667,5,74,
h4_init_interest,18.6,6.0,30.170625891198657,910.2666666666668,4,98,
h4_receive_updates,18.3,8.0,22.925240820254576,525.5666666666667,5,71,
name,mean,median,stdev,variance,value
h3_initial_tree_size_uncompressed,1076184.0,1076184.0,0.0,0,
h3_initial_updates_size_uncompressed,18936.0,18936.0,0.0,0,
h3_update_packet_size,6536.0,6536.0,0.0,0,
h3_compressed_updates_size,6536.0,6536.0,0.0,0,
h3_tree_packet_size,8800.0,8800.0,0.0,0,
h3_compressed_tree_size,208576.0,208576.0,0.0,0,
h3_received_tree_update_uncompressed,18864.0,18864.0,0.0,0,
h3_received_tree_update_compressed,18864.0,18864.0,0.0,0,
h0_initial_tree_size_uncompressed,1076184.0,1076184.0,0.0,0,
h0_initial_updates_size_uncompressed,18936.0,18936.0,0.0,0,
h0_update_packet_size,6528.0,6528.0,0.0,0,
h0_compressed_updates_size,6528.0,6528.0,0.0,0,
h0_tree_packet_size,8800.0,8800.0,0.0,0,
h0_compressed_tree_size,208632.0,208632.0,0.0,0,
h2_initial_tree_size_uncompressed,1076184.0,1076184.0,0.0,0,
h2_initial_updates_size_uncompressed,18936.0,18936.0,0.0,0,
h2_update_packet_size,6536.0,6536.0,0.0,0,
h2_compressed_updates_size,6536.0,6536.0,0.0,0,
h2_tree_packet_size,8800.0,8800.0,0.0,0,
h2_compressed_tree_size,208576.0,208576.0,0.0,0,
h2_received_tree_update_uncompressed,18864.0,18864.0,0.0,0,
h2_received_tree_update_compressed,18864.0,18864.0,0.0,0,
h1_initial_tree_size_uncompressed,1076184.0,1076184.0,0.0,0,
h1_initial_updates_size_uncompressed,18936.0,18936.0,0.0,0,
h1_update_packet_size,6536.0,6536.0,0.0,0,
h1_compressed_updates_size,6536.0,6536.0,0.0,0,
h1_tree_packet_size,8800.0,8800.0,0.0,0,
h1_compressed_tree_size,208576.0,208576.0,0.0,0,
h1_received_tree_update_uncompressed,18864.0,18864.0,0.0,0,
h1_received_tree_update_compressed,18864.0,18864.0,0.0,0,
h4_initial_tree_size_uncompressed,1076184.0,1076184.0,0.0,0,
h4_initial_updates_size_uncompressed,18936.0,18936.0,0.0,0,
h4_update_packet_size,6536.0,6536.0,0.0,0,
h4_compressed_updates_size,6536.0,6536.0,0.0,0,
h4_tree_packet_size,8800.0,8800.0,0.0,0,
h4_compressed_tree_size,208576.0,208576.0,0.0,0,
h4_received_tree_update_uncompressed,18864.0,18864.0,0.0,0,
h4_received_tree_update_compressed,18864.0,18864.0,0.0,0,
