name,mean,median,stdev,variance,value
h0_init_interest,23.0,12.0,24.225789747475496,586.8888888888889,
h1_init_interest,41.3,42.0,19.630192165244956,385.34444444444443,
h1_join_update,90.2,68.0,59.435866463123276,3532.6222222222223,
name,mean,median,stdev,variance,value
h0_initial_tree_size_uncompressed,1067272.8,1065892.0,7259.165743312994,52695487.28888889,
h0_initial_updates_size_uncompressed,2036.8,2044.0,44.97110183217663,2022.4,
h0_update_packet_size,842.4,844.0,43.66335865332498,1906.488888888889,
h0_compressed_updates_size,842.4,844.0,43.66335865332498,1906.488888888889,
h0_tree_packet_size,8800.0,8800.0,0.0,0,
h0_compressed_tree_size,204442.4,204316.0,1224.740807046309,1499990.0444444444,
h1_received_tree_size,1106479.2,1104932.0,7565.77223494807,57240909.51111111,
h1_received_compressed_tree_size,201408.0,201284.0,1222.3576490627538,1494158.2222222222,
