name,size
h13_initial_tree_size_uncompressed,6624
h13_initial_updates_size_uncompressed,296
h13_update_packet_size,240
h13_compressed_updates_size,240
h13_tree_packet_size,1080
h13_compressed_tree_size,1080
h18_initial_tree_size_uncompressed,6720
h18_initial_updates_size_uncompressed,344
h18_update_packet_size,288
h18_compressed_updates_size,288
h18_tree_packet_size,1168
h18_compressed_tree_size,1168
h9_initial_tree_size_uncompressed,6704
h9_initial_updates_size_uncompressed,336
h9_update_packet_size,280
h9_compressed_updates_size,280
h9_tree_packet_size,1160
h9_compressed_tree_size,1160
h17_initial_tree_size_uncompressed,6640
h17_initial_updates_size_uncompressed,304
h17_update_packet_size,248
h17_compressed_updates_size,248
h17_tree_packet_size,1096
h17_compressed_tree_size,1096
h3_initial_tree_size_uncompressed,6640
h3_initial_updates_size_uncompressed,304
h3_update_packet_size,248
h3_compressed_updates_size,248
h3_tree_packet_size,1096
h3_compressed_tree_size,1096
h12_initial_tree_size_uncompressed,6704
h12_initial_updates_size_uncompressed,336
h12_update_packet_size,280
h12_compressed_updates_size,280
h12_tree_packet_size,1160
h12_compressed_tree_size,1160
h11_initial_tree_size_uncompressed,6656
h11_initial_updates_size_uncompressed,312
h11_update_packet_size,256
h11_compressed_updates_size,256
h11_tree_packet_size,1112
h11_compressed_tree_size,1112
h8_initial_tree_size_uncompressed,6656
h8_initial_updates_size_uncompressed,312
h8_update_packet_size,256
h8_compressed_updates_size,256
h8_tree_packet_size,1104
h8_compressed_tree_size,1104
h10_initial_tree_size_uncompressed,6624
h10_initial_updates_size_uncompressed,296
h10_update_packet_size,240
h10_compressed_updates_size,240
h10_tree_packet_size,1072
h10_compressed_tree_size,1072
h6_initial_tree_size_uncompressed,6736
h6_initial_updates_size_uncompressed,352
h6_update_packet_size,296
h6_compressed_updates_size,296
h6_tree_packet_size,1184
h6_compressed_tree_size,1184
h0_initial_tree_size_uncompressed,201536
h0_initial_updates_size_uncompressed,2008
h0_update_packet_size,776
h0_compressed_updates_size,776
h0_tree_packet_size,8800
h0_compressed_tree_size,37720
h2_initial_tree_size_uncompressed,6672
h2_initial_updates_size_uncompressed,320
h2_update_packet_size,264
h2_compressed_updates_size,264
h2_tree_packet_size,1128
h2_compressed_tree_size,1128
h7_initial_tree_size_uncompressed,6688
h7_initial_updates_size_uncompressed,328
h7_update_packet_size,272
h7_compressed_updates_size,272
h7_tree_packet_size,1136
h7_compressed_tree_size,1136
h1_initial_tree_size_uncompressed,6640
h1_initial_updates_size_uncompressed,304
h1_update_packet_size,248
h1_compressed_updates_size,248
h1_tree_packet_size,1096
h1_compressed_tree_size,1096
h14_initial_tree_size_uncompressed,6624
h14_initial_updates_size_uncompressed,296
h14_update_packet_size,232
h14_compressed_updates_size,232
h14_tree_packet_size,1072
h14_compressed_tree_size,1072
h5_initial_tree_size_uncompressed,6704
h5_initial_updates_size_uncompressed,336
h5_update_packet_size,280
h5_compressed_updates_size,280
h5_tree_packet_size,1160
h5_compressed_tree_size,1160
h4_initial_tree_size_uncompressed,6704
h4_initial_updates_size_uncompressed,336
h4_update_packet_size,280
h4_compressed_updates_size,280
h4_tree_packet_size,1160
h4_compressed_tree_size,1160
h19_initial_tree_size_uncompressed,6688
h19_initial_updates_size_uncompressed,328
h19_update_packet_size,272
h19_compressed_updates_size,272
h19_tree_packet_size,1144
h19_compressed_tree_size,1144
h15_initial_tree_size_uncompressed,6720
h15_initial_updates_size_uncompressed,344
h15_update_packet_size,288
h15_compressed_updates_size,288
h15_tree_packet_size,1168
h15_compressed_tree_size,1168
h16_initial_tree_size_uncompressed,6688
h16_initial_updates_size_uncompressed,328
h16_update_packet_size,272
h16_compressed_updates_size,272
h16_tree_packet_size,1136
h16_compressed_tree_size,1136
