name,size
h13_initial_tree_size_uncompressed,6656
h13_initial_updates_size_uncompressed,312
h13_update_packet_size,256
h13_compressed_updates_size,256
h13_tree_packet_size,1112
h13_compressed_tree_size,1112
h18_initial_tree_size_uncompressed,6672
h18_initial_updates_size_uncompressed,320
h18_update_packet_size,256
h18_compressed_updates_size,256
h18_tree_packet_size,1120
h18_compressed_tree_size,1120
h9_initial_tree_size_uncompressed,6704
h9_initial_updates_size_uncompressed,336
h9_update_packet_size,280
h9_compressed_updates_size,280
h9_tree_packet_size,1152
h9_compressed_tree_size,1152
h17_initial_tree_size_uncompressed,6624
h17_initial_updates_size_uncompressed,296
h17_update_packet_size,240
h17_compressed_updates_size,240
h17_tree_packet_size,1080
h17_compressed_tree_size,1080
h3_initial_tree_size_uncompressed,6704
h3_initial_updates_size_uncompressed,336
h3_update_packet_size,280
h3_compressed_updates_size,280
h3_tree_packet_size,1152
h3_compressed_tree_size,1152
h12_initial_tree_size_uncompressed,6704
h12_initial_updates_size_uncompressed,336
h12_update_packet_size,272
h12_compressed_updates_size,272
h12_tree_packet_size,1152
h12_compressed_tree_size,1152
h11_initial_tree_size_uncompressed,6656
h11_initial_updates_size_uncompressed,312
h11_update_packet_size,256
h11_compressed_updates_size,256
h11_tree_packet_size,1112
h11_compressed_tree_size,1112
h8_initial_tree_size_uncompressed,6640
h8_initial_updates_size_uncompressed,304
h8_update_packet_size,248
h8_compressed_updates_size,248
h8_tree_packet_size,1096
h8_compressed_tree_size,1096
h10_initial_tree_size_uncompressed,6624
h10_initial_updates_size_uncompressed,296
h10_update_packet_size,240
h10_compressed_updates_size,240
h10_tree_packet_size,1080
h10_compressed_tree_size,1080
h6_initial_tree_size_uncompressed,6688
h6_initial_updates_size_uncompressed,328
h6_update_packet_size,272
h6_compressed_updates_size,272
h6_tree_packet_size,1136
h6_compressed_tree_size,1136
h0_initial_tree_size_uncompressed,213480
h0_initial_updates_size_uncompressed,2032
h0_update_packet_size,800
h0_compressed_updates_size,800
h0_tree_packet_size,8800
h0_compressed_tree_size,39336
h2_initial_tree_size_uncompressed,6704
h2_initial_updates_size_uncompressed,336
h2_update_packet_size,280
h2_compressed_updates_size,280
h2_tree_packet_size,1160
h2_compressed_tree_size,1160
h7_initial_tree_size_uncompressed,6720
h7_initial_updates_size_uncompressed,344
h7_update_packet_size,288
h7_compressed_updates_size,288
h7_tree_packet_size,1176
h7_compressed_tree_size,1176
h1_initial_tree_size_uncompressed,6624
h1_initial_updates_size_uncompressed,296
h1_update_packet_size,240
h1_compressed_updates_size,240
h1_tree_packet_size,1080
h1_compressed_tree_size,1080
h14_initial_tree_size_uncompressed,6672
h14_initial_updates_size_uncompressed,320
h14_update_packet_size,264
h14_compressed_updates_size,264
h14_tree_packet_size,1120
h14_compressed_tree_size,1120
h5_initial_tree_size_uncompressed,6672
h5_initial_updates_size_uncompressed,320
h5_update_packet_size,264
h5_compressed_updates_size,264
h5_tree_packet_size,1120
h5_compressed_tree_size,1120
h4_initial_tree_size_uncompressed,6656
h4_initial_updates_size_uncompressed,312
h4_update_packet_size,256
h4_compressed_updates_size,256
h4_tree_packet_size,1112
h4_compressed_tree_size,1112
h19_initial_tree_size_uncompressed,6672
h19_initial_updates_size_uncompressed,320
h19_update_packet_size,264
h19_compressed_updates_size,264
h19_tree_packet_size,1120
h19_compressed_tree_size,1120
h15_initial_tree_size_uncompressed,6624
h15_initial_updates_size_uncompressed,296
h15_update_packet_size,240
h15_compressed_updates_size,240
h15_tree_packet_size,1072
h15_compressed_tree_size,1072
h16_initial_tree_size_uncompressed,6704
h16_initial_updates_size_uncompressed,336
h16_update_packet_size,280
h16_compressed_updates_size,280
h16_tree_packet_size,1160
h16_compressed_tree_size,1160
