name,size
h13_initial_tree_size_uncompressed,6688
h13_initial_updates_size_uncompressed,328
h13_update_packet_size,272
h13_compressed_updates_size,272
h13_tree_packet_size,1144
h13_compressed_tree_size,1144
h18_initial_tree_size_uncompressed,6688
h18_initial_updates_size_uncompressed,328
h18_update_packet_size,272
h18_compressed_updates_size,272
h18_tree_packet_size,1144
h18_compressed_tree_size,1144
h9_initial_tree_size_uncompressed,6640
h9_initial_updates_size_uncompressed,304
h9_update_packet_size,248
h9_compressed_updates_size,248
h9_tree_packet_size,1096
h9_compressed_tree_size,1096
h17_initial_tree_size_uncompressed,6624
h17_initial_updates_size_uncompressed,296
h17_update_packet_size,240
h17_compressed_updates_size,240
h17_tree_packet_size,1072
h17_compressed_tree_size,1072
h3_initial_tree_size_uncompressed,6720
h3_initial_updates_size_uncompressed,344
h3_update_packet_size,288
h3_compressed_updates_size,288
h3_tree_packet_size,1176
h3_compressed_tree_size,1176
h12_initial_tree_size_uncompressed,6640
h12_initial_updates_size_uncompressed,304
h12_update_packet_size,248
h12_compressed_updates_size,248
h12_tree_packet_size,1096
h12_compressed_tree_size,1096
h11_initial_tree_size_uncompressed,6624
h11_initial_updates_size_uncompressed,296
h11_update_packet_size,232
h11_compressed_updates_size,232
h11_tree_packet_size,1072
h11_compressed_tree_size,1072
h8_initial_tree_size_uncompressed,6688
h8_initial_updates_size_uncompressed,328
h8_update_packet_size,272
h8_compressed_updates_size,272
h8_tree_packet_size,1144
h8_compressed_tree_size,1144
h10_initial_tree_size_uncompressed,6688
h10_initial_updates_size_uncompressed,328
h10_update_packet_size,272
h10_compressed_updates_size,272
h10_tree_packet_size,1144
h10_compressed_tree_size,1144
h6_initial_tree_size_uncompressed,6640
h6_initial_updates_size_uncompressed,304
h6_update_packet_size,248
h6_compressed_updates_size,248
h6_tree_packet_size,1096
h6_compressed_tree_size,1096
h0_initial_tree_size_uncompressed,205328
h0_initial_updates_size_uncompressed,2080
h0_update_packet_size,880
h0_compressed_updates_size,880
h0_tree_packet_size,8800
h0_compressed_tree_size,38184
h2_initial_tree_size_uncompressed,6624
h2_initial_updates_size_uncompressed,296
h2_update_packet_size,240
h2_compressed_updates_size,240
h2_tree_packet_size,1072
h2_compressed_tree_size,1072
h7_initial_tree_size_uncompressed,6688
h7_initial_updates_size_uncompressed,328
h7_update_packet_size,272
h7_compressed_updates_size,272
h7_tree_packet_size,1144
h7_compressed_tree_size,1144
h1_initial_tree_size_uncompressed,6640
h1_initial_updates_size_uncompressed,304
h1_update_packet_size,248
h1_compressed_updates_size,248
h1_tree_packet_size,1096
h1_compressed_tree_size,1096
h14_initial_tree_size_uncompressed,6624
h14_initial_updates_size_uncompressed,296
h14_update_packet_size,232
h14_compressed_updates_size,232
h14_tree_packet_size,1072
h14_compressed_tree_size,1072
h5_initial_tree_size_uncompressed,6720
h5_initial_updates_size_uncompressed,344
h5_update_packet_size,288
h5_compressed_updates_size,288
h5_tree_packet_size,1168
h5_compressed_tree_size,1168
h4_initial_tree_size_uncompressed,6720
h4_initial_updates_size_uncompressed,344
h4_update_packet_size,288
h4_compressed_updates_size,288
h4_tree_packet_size,1168
h4_compressed_tree_size,1168
h19_initial_tree_size_uncompressed,6624
h19_initial_updates_size_uncompressed,296
h19_update_packet_size,232
h19_compressed_updates_size,232
h19_tree_packet_size,1072
h19_compressed_tree_size,1072
h15_initial_tree_size_uncompressed,6624
h15_initial_updates_size_uncompressed,296
h15_update_packet_size,240
h15_compressed_updates_size,240
h15_tree_packet_size,1080
h15_compressed_tree_size,1080
h16_initial_tree_size_uncompressed,6624
h16_initial_updates_size_uncompressed,296
h16_update_packet_size,240
h16_compressed_updates_size,240
h16_tree_packet_size,1080
h16_compressed_tree_size,1080
