name,mean,median,stdev,variance,value
h0_init_interest,37.3,31.0,32.82969522991173,1077.788888888889,
h1_init_interest,23.0,12.5,19.333333333333332,373.77777777777777,
h1_join_update,33.0,37.0,23.54664401659915,554.4444444444445,
name,mean,median,stdev,variance,value
h0_initial_tree_size_uncompressed,33208.8,33484.0,1492.3542028173697,2227121.066666667,
h0_initial_updates_size_uncompressed,2037.6,2032.0,29.466365005997375,868.2666666666667,
h0_update_packet_size,840.8,840.0,33.61481155020143,1129.9555555555555,
h0_compressed_updates_size,840.8,840.0,33.61481155020143,1129.9555555555555,
h0_tree_packet_size,6309.6,6368.0,251.34801018154536,63175.822222222225,
h0_compressed_tree_size,6309.6,6368.0,251.34801018154536,63175.822222222225,
h1_received_tree_size,34492.0,34780.0,1566.8805527756947,2455114.6666666665,
h1_received_compressed_tree_size,6218.4,6272.0,251.00827786261462,63005.15555555555,
