name,mean,median,stdev,variance,min,max,value
h9_init_interest,9.0,7.0,5.597618541248888,31.333333333333332,6,24,
sync_request,-16051.477777777778,5.0,48439.404038918234,2346375863.6455684,-160563,12,
h9_receive_updates,12.0,12.5,2.0548046676563256,4.222222222222222,7,14,
sync_update,-16024.633333333333,29.5,48440.24772166174,2346457599.335955,-160539,121,
h3_init_interest,10.0,10.5,1.8257418583505538,3.3333333333333335,6,12,
h3_receive_updates,11.1,11.0,2.282785822435191,5.211111111111111,8,15,
h8_init_interest,32.1,31.5,27.208862935121385,740.3222222222222,6,76,
h8_receive_updates,12.4,13.0,3.1340424729448424,9.822222222222223,7,18,
h6_init_interest,6.9,6.0,2.0789954839350235,4.322222222222222,5,11,
h6_receive_updates,11.0,11.5,2.211083193570267,4.888888888888889,7,14,
h0_init_interest,11.1,11.0,0.9944289260117533,0.9888888888888889,10,13,
h2_init_interest,11.1,11.0,1.1005049346146119,1.211111111111111,10,13,
h2_receive_updates,19.8,11.0,26.836128218835476,720.1777777777778,9,96,
h7_init_interest,6.3,6.0,0.48304589153964794,0.23333333333333334,6,7,
h7_receive_updates,10.5,10.5,2.0138409955990952,4.055555555555555,6,13,
h1_init_interest,10.8,10.5,1.3165611772087666,1.7333333333333334,9,13,
h1_receive_updates,11.4,11.0,1.7126976771553504,2.933333333333333,9,14,
h5_init_interest,9.3,10.5,2.1628170930011112,4.677777777777778,6,11,
h5_receive_updates,10.7,10.5,2.1628170930011112,4.677777777777778,8,15,
h4_init_interest,10.0,10.5,2.449489742783178,6,6,13,
h4_receive_updates,20.7,11.5,27.11723519174557,735.3444444444444,8,97,
name,mean,median,stdev,variance,value
h9_initial_tree_size_uncompressed,1076184.0,1076184.0,0.0,0,
h9_initial_updates_size_uncompressed,18936.0,18936.0,0.0,0,
h9_update_packet_size,6536.0,6536.0,0.0,0,
h9_compressed_updates_size,6536.0,6536.0,0.0,0,
num_packets_queue,1.0,1.0,0.0,0,
h9_tree_packet_size,8800.0,8800.0,0.0,0,
h9_compressed_tree_size,208576.0,208576.0,0.0,0,
num_packets_tree,24.0,24.0,0.0,0,
h9_received_tree_update_uncompressed,18864.0,18864.0,0.0,0,
h9_received_tree_update_compressed,18864.0,18864.0,0.0,0,
h3_initial_tree_size_uncompressed,1076184.0,1076184.0,0.0,0,
h3_initial_updates_size_uncompressed,18936.0,18936.0,0.0,0,
h3_update_packet_size,6536.0,6536.0,0.0,0,
h3_compressed_updates_size,6536.0,6536.0,0.0,0,
h3_tree_packet_size,8800.0,8800.0,0.0,0,
h3_compressed_tree_size,208576.0,208576.0,0.0,0,
h3_received_tree_update_uncompressed,18864.0,18864.0,0.0,0,
h3_received_tree_update_compressed,18864.0,18864.0,0.0,0,
h8_initial_tree_size_uncompressed,1076184.0,1076184.0,0.0,0,
h8_initial_updates_size_uncompressed,18936.0,18936.0,0.0,0,
h8_update_packet_size,6536.0,6536.0,0.0,0,
h8_compressed_updates_size,6536.0,6536.0,0.0,0,
h8_tree_packet_size,8800.0,8800.0,0.0,0,
h8_compressed_tree_size,208576.0,208576.0,0.0,0,
h8_received_tree_update_uncompressed,18864.0,18864.0,0.0,0,
h8_received_tree_update_compressed,18864.0,18864.0,0.0,0,
h6_initial_tree_size_uncompressed,1076184.0,1076184.0,0.0,0,
h6_initial_updates_size_uncompressed,18936.0,18936.0,0.0,0,
h6_update_packet_size,6536.0,6536.0,0.0,0,
h6_compressed_updates_size,6536.0,6536.0,0.0,0,
h6_tree_packet_size,8800.0,8800.0,0.0,0,
h6_compressed_tree_size,208576.0,208576.0,0.0,0,
h6_received_tree_update_uncompressed,18864.0,18864.0,0.0,0,
h6_received_tree_update_compressed,18864.0,18864.0,0.0,0,
h0_initial_tree_size_uncompressed,1076184.0,1076184.0,0.0,0,
h0_initial_updates_size_uncompressed,18936.0,18936.0,0.0,0,
h0_update_packet_size,6528.0,6528.0,0.0,0,
h0_compressed_updates_size,6528.0,6528.0,0.0,0,
h0_tree_packet_size,8800.0,8800.0,0.0,0,
h0_compressed_tree_size,208632.0,208632.0,0.0,0,
h2_initial_tree_size_uncompressed,1076184.0,1076184.0,0.0,0,
h2_initial_updates_size_uncompressed,18936.0,18936.0,0.0,0,
h2_update_packet_size,6536.0,6536.0,0.0,0,
h2_compressed_updates_size,6536.0,6536.0,0.0,0,
h2_tree_packet_size,8800.0,8800.0,0.0,0,
h2_compressed_tree_size,208576.0,208576.0,0.0,0,
h2_received_tree_update_uncompressed,18864.0,18864.0,0.0,0,
h2_received_tree_update_compressed,18864.0,18864.0,0.0,0,
h7_initial_tree_size_uncompressed,1076184.0,1076184.0,0.0,0,
h7_initial_updates_size_uncompressed,18936.0,18936.0,0.0,0,
h7_update_packet_size,6536.0,6536.0,0.0,0,
h7_compressed_updates_size,6536.0,6536.0,0.0,0,
h7_tree_packet_size,8800.0,8800.0,0.0,0,
h7_compressed_tree_size,208576.0,208576.0,0.0,0,
h7_received_tree_update_uncompressed,18864.0,18864.0,0.0,0,
h7_received_tree_update_compressed,18864.0,18864.0,0.0,0,
h1_initial_tree_size_uncompressed,1076184.0,1076184.0,0.0,0,
h1_initial_updates_size_uncompressed,18936.0,18936.0,0.0,0,
h1_update_packet_size,6536.0,6536.0,0.0,0,
h1_compressed_updates_size,6536.0,6536.0,0.0,0,
h1_tree_packet_size,8800.0,8800.0,0.0,0,
h1_compressed_tree_size,208576.0,208576.0,0.0,0,
h1_received_tree_update_uncompressed,18864.0,18864.0,0.0,0,
h1_received_tree_update_compressed,18864.0,18864.0,0.0,0,
h5_initial_tree_size_uncompressed,1076184.0,1076184.0,0.0,0,
h5_initial_updates_size_uncompressed,18936.0,18936.0,0.0,0,
h5_update_packet_size,6536.0,6536.0,0.0,0,
h5_compressed_updates_size,6536.0,6536.0,0.0,0,
h5_tree_packet_size,8800.0,8800.0,0.0,0,
h5_compressed_tree_size,208576.0,208576.0,0.0,0,
h5_received_tree_update_uncompressed,18864.0,18864.0,0.0,0,
h5_received_tree_update_compressed,18864.0,18864.0,0.0,0,
h4_initial_tree_size_uncompressed,1076184.0,1076184.0,0.0,0,
h4_initial_updates_size_uncompressed,18936.0,18936.0,0.0,0,
h4_update_packet_size,6536.0,6536.0,0.0,0,
h4_compressed_updates_size,6536.0,6536.0,0.0,0,
h4_tree_packet_size,8800.0,8800.0,0.0,0,
h4_compressed_tree_size,208576.0,208576.0,0.0,0,
h4_received_tree_update_uncompressed,18864.0,18864.0,0.0,0,
h4_received_tree_update_compressed,18864.0,18864.0,0.0,0,
