name,mean,median,stdev,variance,value
h0_init_interest,21.8,15.0,14.905629063470544,222.17777777777778,
h1_init_interest,33.5,21.0,25.220141862320194,636.0555555555555,
h1_join_update,12.8,11.5,3.4896672875473067,12.177777777777777,
name,mean,median,stdev,variance,value
h0_initial_tree_size_uncompressed,33118.4,33448.0,1509.624471332008,2278966.0444444446,
h0_initial_updates_size_uncompressed,2025.6,2016.0,50.568325615503184,2557.1555555555556,
h0_update_packet_size,827.2,820.0,52.41882613463729,2747.7333333333336,
h0_compressed_updates_size,827.2,820.0,52.41882613463729,2747.7333333333336,
h0_tree_packet_size,6261.6,6304.0,294.37511972160814,86656.71111111112,
h0_compressed_tree_size,6261.6,6304.0,294.37511972160814,86656.71111111112,
h1_received_tree_size,34395.2,34728.0,1582.0962746376158,2503028.622222222,
h1_received_compressed_tree_size,6172.8,6216.0,294.0161749140872,86445.51111111112,
