name,mean,median,stdev,variance,min,max,value
h3_init_interest,24.4,20.5,20.478715237479566,419.3777777777778,4,62,
sync_request,2.725,2.0,1.377241762289712,1.8967948717948717,1,7,
h3_receive_updates,32.4,15.0,34.46157280218069,1187.6,4,96,
sync_update,42.775,27.0,33.47673321378098,1120.6916666666666,14,107,
h0_init_interest,24.2,16.5,24.183557315755767,584.8444444444443,2,74,
h2_init_interest,25.4,18.5,23.651168634504675,559.3777777777777,5,74,
h2_receive_updates,31.5,14.0,34.90701935141412,1218.5,4,96,
h1_init_interest,24.0,16.0,24.023136995636335,577.1111111111111,5,74,
h1_receive_updates,30.6,14.0,34.2481143033209,1172.9333333333334,4,96,
h4_init_interest,18.7,11.5,27.46735436032301,754.4555555555555,5,96,
h4_receive_updates,31.8,15.0,34.68525142862117,1203.0666666666668,4,96,
name,mean,median,stdev,variance,value
h3_initial_tree_size_uncompressed,216984.0,216984.0,0.0,0,
h3_initial_updates_size_uncompressed,19200.0,19200.0,0.0,0,
h3_update_packet_size,6776.0,6776.0,0.0,0,
h3_compressed_updates_size,6776.0,6776.0,0.0,0,
num_packets_queue,1.0,1.0,0.0,0,
h3_tree_packet_size,8800.0,8800.0,0.0,0,
h3_compressed_tree_size,43440.0,43440.0,0.0,0,
num_packets_tree,5.0,5.0,0.0,0,
h3_received_tree_update_uncompressed,19096.0,19096.0,0.0,0,
h3_received_tree_update_compressed,19096.0,19096.0,0.0,0,
h0_initial_tree_size_uncompressed,216984.0,216984.0,0.0,0,
h0_initial_updates_size_uncompressed,19200.0,19200.0,0.0,0,
h0_update_packet_size,6736.0,6736.0,0.0,0,
h0_compressed_updates_size,6736.0,6736.0,0.0,0,
h0_tree_packet_size,8800.0,8800.0,0.0,0,
h0_compressed_tree_size,43672.0,43672.0,0.0,0,
h2_initial_tree_size_uncompressed,216984.0,216984.0,0.0,0,
h2_initial_updates_size_uncompressed,19200.0,19200.0,0.0,0,
h2_update_packet_size,6776.0,6776.0,0.0,0,
h2_compressed_updates_size,6776.0,6776.0,0.0,0,
h2_tree_packet_size,8800.0,8800.0,0.0,0,
h2_compressed_tree_size,43440.0,43440.0,0.0,0,
h2_received_tree_update_uncompressed,19096.0,19096.0,0.0,0,
h2_received_tree_update_compressed,19096.0,19096.0,0.0,0,
h1_initial_tree_size_uncompressed,216984.0,216984.0,0.0,0,
h1_initial_updates_size_uncompressed,19200.0,19200.0,0.0,0,
h1_update_packet_size,6776.0,6776.0,0.0,0,
h1_compressed_updates_size,6776.0,6776.0,0.0,0,
h1_tree_packet_size,8800.0,8800.0,0.0,0,
h1_compressed_tree_size,43440.0,43440.0,0.0,0,
h1_received_tree_update_uncompressed,19096.0,19096.0,0.0,0,
h1_received_tree_update_compressed,19096.0,19096.0,0.0,0,
h4_initial_tree_size_uncompressed,216984.0,216984.0,0.0,0,
h4_initial_updates_size_uncompressed,19200.0,19200.0,0.0,0,
h4_update_packet_size,6776.0,6776.0,0.0,0,
h4_compressed_updates_size,6776.0,6776.0,0.0,0,
h4_tree_packet_size,8800.0,8800.0,0.0,0,
h4_compressed_tree_size,43440.0,43440.0,0.0,0,
h4_received_tree_update_uncompressed,19096.0,19096.0,0.0,0,
h4_received_tree_update_compressed,19096.0,19096.0,0.0,0,
