name,size
h3_initial_tree_size_uncompressed,216984
h3_initial_updates_size_uncompressed,19200
h3_update_packet_size,6776
h3_compressed_updates_size,6776
num_packets_queue,1
h3_tree_packet_size,8800
h3_compressed_tree_size,43440
num_packets_tree,5
h3_received_tree_update_uncompressed,19096
h3_received_tree_update_compressed,19096
h0_initial_tree_size_uncompressed,216984
h0_initial_updates_size_uncompressed,19200
h0_update_packet_size,6736
h0_compressed_updates_size,6736
h0_tree_packet_size,8800
h0_compressed_tree_size,43672
h2_initial_tree_size_uncompressed,216984
h2_initial_updates_size_uncompressed,19200
h2_update_packet_size,6776
h2_compressed_updates_size,6776
h2_tree_packet_size,8800
h2_compressed_tree_size,43440
h2_received_tree_update_uncompressed,19096
h2_received_tree_update_compressed,19096
h1_initial_tree_size_uncompressed,216984
h1_initial_updates_size_uncompressed,19200
h1_update_packet_size,6776
h1_compressed_updates_size,6776
h1_tree_packet_size,8800
h1_compressed_tree_size,43440
h1_received_tree_update_uncompressed,19096
h1_received_tree_update_compressed,19096
h4_initial_tree_size_uncompressed,216984
h4_initial_updates_size_uncompressed,19200
h4_update_packet_size,6776
h4_compressed_updates_size,6776
h4_tree_packet_size,8800
h4_compressed_tree_size,43440
h4_received_tree_update_uncompressed,19096
h4_received_tree_update_compressed,19096
