name,mean,median,stdev,variance,min,max,value
h0_init_interest,43.9,29.0,36.72253319754023,1348.5444444444445,10,100,
h1_init_interest,37.1,13.5,33.1074009852782,1096.1,11,92,
h1_join_update,70.1,33.0,53.02295100551584,2811.4333333333334,25,151,
name,mean,median,stdev,variance,value
h0_initial_tree_size_uncompressed,1076184.0,1076184.0,0.0,0,
h0_initial_updates_size_uncompressed,18936.0,18936.0,0.0,0,
h0_update_packet_size,6536.0,6536.0,0.0,0,
h0_compressed_updates_size,6536.0,6536.0,0.0,0,
num_packets_queue,1.0,1.0,0.0,0,
h0_tree_packet_size,8800.0,8800.0,0.0,0,
h0_compressed_tree_size,208576.0,208576.0,0.0,0,
num_packets_tree,24.0,24.0,0.0,0,
h1_received_tree_size,1115096.0,1115096.0,0.0,0,
h1_received_compressed_tree_size,205544.0,205544.0,0.0,0,
