name,mean,median,stdev,variance,min,max,value
h9_init_interest,24.2,8.0,28.905209065341683,835.5111111111111,6,75,
h9_join_update,81.2,83.5,34.838675826347554,1213.7333333333333,32,131,
h3_init_interest,10.6,11.0,1.8973665961010275,3.6,6,13,
h3_join_update,80.2,61.0,33.571813574286786,1127.0666666666666,49,134,
h8_init_interest,22.7,12.0,26.191813818655458,686.0111111111111,6,75,
h8_join_update,65.1,61.0,25.61011085055623,655.8777777777779,27,96,
h6_init_interest,22.3,10.0,27.817061111643138,773.788888888889,6,75,
h6_join_update,88.4,93.0,26.06487632385348,679.3777777777777,50,138,
h0_init_interest,10.9,11.0,0.8755950357709131,0.7666666666666667,10,12,
h2_init_interest,11.0,11.0,2.0,4,6,13,
h2_join_update,97.1,99.5,33.32149789883736,1110.3222222222223,51,139,
h7_init_interest,27.0,11.5,33.092463055975614,1095.111111111111,6,101,
h7_join_update,70.6,62.5,44.6796001175779,1996.2666666666667,32,176,
h1_init_interest,11.4,11.5,0.9660917830792959,0.9333333333333333,10,13,
h1_join_update,84.8,66.0,41.56601175640181,1727.7333333333333,49,177,
h5_init_interest,10.3,11.0,1.70293863659264,2.9,7,12,
h5_join_update,101.3,103.0,43.90912332432875,1928.0111111111112,43,187,
h4_init_interest,10.1,11.0,2.8067379246694513,7.877777777777778,5,13,
h4_join_update,93.4,95.5,29.997036890703423,899.8222222222222,51,140,
name,mean,median,stdev,variance,value
h9_received_tree_size,1115096.0,1115096.0,0.0,0,
h9_received_compressed_tree_size,205544.0,205544.0,0.0,0,
h3_received_tree_size,1115096.0,1115096.0,0.0,0,
h3_received_compressed_tree_size,205544.0,205544.0,0.0,0,
h8_received_tree_size,1115096.0,1115096.0,0.0,0,
h8_received_compressed_tree_size,205544.0,205544.0,0.0,0,
h6_received_tree_size,1115096.0,1115096.0,0.0,0,
h6_received_compressed_tree_size,205544.0,205544.0,0.0,0,
h0_initial_tree_size_uncompressed,1076184.0,1076184.0,0.0,0,
h0_initial_updates_size_uncompressed,18936.0,18936.0,0.0,0,
h0_update_packet_size,6536.0,6536.0,0.0,0,
h0_compressed_updates_size,6536.0,6536.0,0.0,0,
num_packets_queue,1.0,1.0,0.0,0,
h0_tree_packet_size,8800.0,8800.0,0.0,0,
h0_compressed_tree_size,208576.0,208576.0,0.0,0,
num_packets_tree,24.0,24.0,0.0,0,
h2_received_tree_size,1115096.0,1115096.0,0.0,0,
h2_received_compressed_tree_size,205544.0,205544.0,0.0,0,
h7_received_tree_size,1115096.0,1115096.0,0.0,0,
h7_received_compressed_tree_size,205544.0,205544.0,0.0,0,
h1_received_tree_size,1115096.0,1115096.0,0.0,0,
h1_received_compressed_tree_size,205544.0,205544.0,0.0,0,
h5_received_tree_size,1115096.0,1115096.0,0.0,0,
h5_received_compressed_tree_size,205544.0,205544.0,0.0,0,
h4_received_tree_size,1115096.0,1115096.0,0.0,0,
h4_received_compressed_tree_size,205544.0,205544.0,0.0,0,
