name,mean,median,stdev,variance,min,max,value
h0_init_interest,57.9,49.5,30.457438427345718,927.6555555555556,27,101,
h1_init_interest,36.6,29.0,13.993649353268154,195.82222222222222,28,65,
h1_join_update,113.8,124.0,22.57727471005598,509.73333333333335,63,144,
name,mean,median,stdev,variance,value
h0_initial_tree_size_uncompressed,1076184.0,1076184.0,0.0,0,
h0_initial_updates_size_uncompressed,18936.0,18936.0,0.0,0,
h0_update_packet_size,6536.0,6536.0,0.0,0,
h0_compressed_updates_size,6536.0,6536.0,0.0,0,
num_packets_queue,1.0,1.0,0.0,0,
h0_tree_packet_size,8800.0,8800.0,0.0,0,
h0_compressed_tree_size,208576.0,208576.0,0.0,0,
num_packets_tree,24.0,24.0,0.0,0,
h1_received_tree_size,1115096.0,1115096.0,0.0,0,
h1_received_compressed_tree_size,205544.0,205544.0,0.0,0,
