name,size
h13_initial_tree_size_uncompressed,6656
h13_initial_updates_size_uncompressed,312
h13_update_packet_size,248
h13_compressed_updates_size,248
h13_tree_packet_size,1104
h13_compressed_tree_size,1104
h18_initial_tree_size_uncompressed,6688
h18_initial_updates_size_uncompressed,328
h18_update_packet_size,272
h18_compressed_updates_size,272
h18_tree_packet_size,1144
h18_compressed_tree_size,1144
h9_initial_tree_size_uncompressed,6672
h9_initial_updates_size_uncompressed,320
h9_update_packet_size,256
h9_compressed_updates_size,256
h9_tree_packet_size,1120
h9_compressed_tree_size,1120
h17_initial_tree_size_uncompressed,6640
h17_initial_updates_size_uncompressed,304
h17_update_packet_size,248
h17_compressed_updates_size,248
h17_tree_packet_size,1088
h17_compressed_tree_size,1088
h3_initial_tree_size_uncompressed,6672
h3_initial_updates_size_uncompressed,320
h3_update_packet_size,264
h3_compressed_updates_size,264
h3_tree_packet_size,1120
h3_compressed_tree_size,1120
h12_initial_tree_size_uncompressed,6624
h12_initial_updates_size_uncompressed,296
h12_update_packet_size,240
h12_compressed_updates_size,240
h12_tree_packet_size,1080
h12_compressed_tree_size,1080
h11_initial_tree_size_uncompressed,6688
h11_initial_updates_size_uncompressed,328
h11_update_packet_size,272
h11_compressed_updates_size,272
h11_tree_packet_size,1144
h11_compressed_tree_size,1144
h8_initial_tree_size_uncompressed,6624
h8_initial_updates_size_uncompressed,296
h8_update_packet_size,240
h8_compressed_updates_size,240
h8_tree_packet_size,1080
h8_compressed_tree_size,1080
h10_initial_tree_size_uncompressed,6656
h10_initial_updates_size_uncompressed,312
h10_update_packet_size,248
h10_compressed_updates_size,248
h10_tree_packet_size,1104
h10_compressed_tree_size,1104
h6_initial_tree_size_uncompressed,6704
h6_initial_updates_size_uncompressed,336
h6_update_packet_size,272
h6_compressed_updates_size,272
h6_tree_packet_size,1152
h6_compressed_tree_size,1152
h0_initial_tree_size_uncompressed,208280
h0_initial_updates_size_uncompressed,2040
h0_update_packet_size,824
h0_compressed_updates_size,824
h0_tree_packet_size,8800
h0_compressed_tree_size,38672
h2_initial_tree_size_uncompressed,6688
h2_initial_updates_size_uncompressed,328
h2_update_packet_size,272
h2_compressed_updates_size,272
h2_tree_packet_size,1144
h2_compressed_tree_size,1144
h7_initial_tree_size_uncompressed,6640
h7_initial_updates_size_uncompressed,304
h7_update_packet_size,248
h7_compressed_updates_size,248
h7_tree_packet_size,1096
h7_compressed_tree_size,1096
h1_initial_tree_size_uncompressed,6704
h1_initial_updates_size_uncompressed,336
h1_update_packet_size,280
h1_compressed_updates_size,280
h1_tree_packet_size,1152
h1_compressed_tree_size,1152
h14_initial_tree_size_uncompressed,6688
h14_initial_updates_size_uncompressed,328
h14_update_packet_size,272
h14_compressed_updates_size,272
h14_tree_packet_size,1144
h14_compressed_tree_size,1144
h5_initial_tree_size_uncompressed,6672
h5_initial_updates_size_uncompressed,320
h5_update_packet_size,264
h5_compressed_updates_size,264
h5_tree_packet_size,1120
h5_compressed_tree_size,1120
h4_initial_tree_size_uncompressed,6640
h4_initial_updates_size_uncompressed,304
h4_update_packet_size,248
h4_compressed_updates_size,248
h4_tree_packet_size,1096
h4_compressed_tree_size,1096
h19_initial_tree_size_uncompressed,6640
h19_initial_updates_size_uncompressed,304
h19_update_packet_size,248
h19_compressed_updates_size,248
h19_tree_packet_size,1096
h19_compressed_tree_size,1096
h15_initial_tree_size_uncompressed,6720
h15_initial_updates_size_uncompressed,344
h15_update_packet_size,280
h15_compressed_updates_size,280
h15_tree_packet_size,1168
h15_compressed_tree_size,1168
h16_initial_tree_size_uncompressed,6624
h16_initial_updates_size_uncompressed,296
h16_update_packet_size,232
h16_compressed_updates_size,232
h16_tree_packet_size,1072
h16_compressed_tree_size,1072
