name,size
h13_initial_tree_size_uncompressed,6672
h13_initial_updates_size_uncompressed,320
h13_update_packet_size,264
h13_compressed_updates_size,264
h13_tree_packet_size,1120
h13_compressed_tree_size,1120
h18_initial_tree_size_uncompressed,6672
h18_initial_updates_size_uncompressed,320
h18_update_packet_size,264
h18_compressed_updates_size,264
h18_tree_packet_size,1120
h18_compressed_tree_size,1120
h9_initial_tree_size_uncompressed,6672
h9_initial_updates_size_uncompressed,320
h9_update_packet_size,264
h9_compressed_updates_size,264
h9_tree_packet_size,1120
h9_compressed_tree_size,1120
h17_initial_tree_size_uncompressed,6688
h17_initial_updates_size_uncompressed,328
h17_update_packet_size,272
h17_compressed_updates_size,272
h17_tree_packet_size,1144
h17_compressed_tree_size,1144
h3_initial_tree_size_uncompressed,6720
h3_initial_updates_size_uncompressed,344
h3_update_packet_size,288
h3_compressed_updates_size,288
h3_tree_packet_size,1168
h3_compressed_tree_size,1168
h12_initial_tree_size_uncompressed,6608
h12_initial_updates_size_uncompressed,288
h12_update_packet_size,232
h12_compressed_updates_size,232
h12_tree_packet_size,1064
h12_compressed_tree_size,1064
h11_initial_tree_size_uncompressed,6672
h11_initial_updates_size_uncompressed,320
h11_update_packet_size,264
h11_compressed_updates_size,264
h11_tree_packet_size,1120
h11_compressed_tree_size,1120
h8_initial_tree_size_uncompressed,6608
h8_initial_updates_size_uncompressed,288
h8_update_packet_size,232
h8_compressed_updates_size,232
h8_tree_packet_size,1064
h8_compressed_tree_size,1064
h10_initial_tree_size_uncompressed,6688
h10_initial_updates_size_uncompressed,328
h10_update_packet_size,264
h10_compressed_updates_size,264
h10_tree_packet_size,1136
h10_compressed_tree_size,1136
h6_initial_tree_size_uncompressed,6688
h6_initial_updates_size_uncompressed,328
h6_update_packet_size,272
h6_compressed_updates_size,272
h6_tree_packet_size,1144
h6_compressed_tree_size,1144
h0_initial_tree_size_uncompressed,206144
h0_initial_updates_size_uncompressed,2104
h0_update_packet_size,880
h0_compressed_updates_size,880
h0_tree_packet_size,8800
h0_compressed_tree_size,38584
h2_initial_tree_size_uncompressed,6640
h2_initial_updates_size_uncompressed,304
h2_update_packet_size,248
h2_compressed_updates_size,248
h2_tree_packet_size,1096
h2_compressed_tree_size,1096
h7_initial_tree_size_uncompressed,6640
h7_initial_updates_size_uncompressed,304
h7_update_packet_size,248
h7_compressed_updates_size,248
h7_tree_packet_size,1096
h7_compressed_tree_size,1096
h1_initial_tree_size_uncompressed,6672
h1_initial_updates_size_uncompressed,320
h1_update_packet_size,264
h1_compressed_updates_size,264
h1_tree_packet_size,1120
h1_compressed_tree_size,1120
h14_initial_tree_size_uncompressed,6624
h14_initial_updates_size_uncompressed,296
h14_update_packet_size,240
h14_compressed_updates_size,240
h14_tree_packet_size,1080
h14_compressed_tree_size,1080
h5_initial_tree_size_uncompressed,6624
h5_initial_updates_size_uncompressed,296
h5_update_packet_size,240
h5_compressed_updates_size,240
h5_tree_packet_size,1080
h5_compressed_tree_size,1080
h4_initial_tree_size_uncompressed,6624
h4_initial_updates_size_uncompressed,296
h4_update_packet_size,240
h4_compressed_updates_size,240
h4_tree_packet_size,1080
h4_compressed_tree_size,1080
h19_initial_tree_size_uncompressed,6624
h19_initial_updates_size_uncompressed,296
h19_update_packet_size,240
h19_compressed_updates_size,240
h19_tree_packet_size,1072
h19_compressed_tree_size,1072
h15_initial_tree_size_uncompressed,6672
h15_initial_updates_size_uncompressed,320
h15_update_packet_size,256
h15_compressed_updates_size,256
h15_tree_packet_size,1120
h15_compressed_tree_size,1120
h16_initial_tree_size_uncompressed,6640
h16_initial_updates_size_uncompressed,304
h16_update_packet_size,248
h16_compressed_updates_size,248
h16_tree_packet_size,1088
h16_compressed_tree_size,1088
