name,size
h13_initial_tree_size_uncompressed,6640
h13_initial_updates_size_uncompressed,304
h13_update_packet_size,248
h13_compressed_updates_size,248
h13_tree_packet_size,1096
h13_compressed_tree_size,1096
h18_initial_tree_size_uncompressed,6624
h18_initial_updates_size_uncompressed,296
h18_update_packet_size,240
h18_compressed_updates_size,240
h18_tree_packet_size,1080
h18_compressed_tree_size,1080
h9_initial_tree_size_uncompressed,6640
h9_initial_updates_size_uncompressed,304
h9_update_packet_size,248
h9_compressed_updates_size,248
h9_tree_packet_size,1096
h9_compressed_tree_size,1096
h17_initial_tree_size_uncompressed,6656
h17_initial_updates_size_uncompressed,312
h17_update_packet_size,256
h17_compressed_updates_size,256
h17_tree_packet_size,1112
h17_compressed_tree_size,1112
h3_initial_tree_size_uncompressed,6688
h3_initial_updates_size_uncompressed,328
h3_update_packet_size,264
h3_compressed_updates_size,264
h3_tree_packet_size,1136
h3_compressed_tree_size,1136
h12_initial_tree_size_uncompressed,6688
h12_initial_updates_size_uncompressed,328
h12_update_packet_size,272
h12_compressed_updates_size,272
h12_tree_packet_size,1144
h12_compressed_tree_size,1144
h11_initial_tree_size_uncompressed,6672
h11_initial_updates_size_uncompressed,320
h11_update_packet_size,256
h11_compressed_updates_size,256
h11_tree_packet_size,1120
h11_compressed_tree_size,1120
h8_initial_tree_size_uncompressed,6656
h8_initial_updates_size_uncompressed,312
h8_update_packet_size,256
h8_compressed_updates_size,256
h8_tree_packet_size,1112
h8_compressed_tree_size,1112
h10_initial_tree_size_uncompressed,6672
h10_initial_updates_size_uncompressed,320
h10_update_packet_size,264
h10_compressed_updates_size,264
h10_tree_packet_size,1128
h10_compressed_tree_size,1128
h6_initial_tree_size_uncompressed,6720
h6_initial_updates_size_uncompressed,344
h6_update_packet_size,288
h6_compressed_updates_size,288
h6_tree_packet_size,1176
h6_compressed_tree_size,1176
h0_initial_tree_size_uncompressed,200944
h0_initial_updates_size_uncompressed,2000
h0_update_packet_size,792
h0_compressed_updates_size,792
h0_tree_packet_size,8800
h0_compressed_tree_size,37440
h2_initial_tree_size_uncompressed,6624
h2_initial_updates_size_uncompressed,296
h2_update_packet_size,240
h2_compressed_updates_size,240
h2_tree_packet_size,1072
h2_compressed_tree_size,1072
h7_initial_tree_size_uncompressed,6672
h7_initial_updates_size_uncompressed,320
h7_update_packet_size,264
h7_compressed_updates_size,264
h7_tree_packet_size,1128
h7_compressed_tree_size,1128
h1_initial_tree_size_uncompressed,6672
h1_initial_updates_size_uncompressed,320
h1_update_packet_size,264
h1_compressed_updates_size,264
h1_tree_packet_size,1120
h1_compressed_tree_size,1120
h14_initial_tree_size_uncompressed,6720
h14_initial_updates_size_uncompressed,344
h14_update_packet_size,288
h14_compressed_updates_size,288
h14_tree_packet_size,1176
h14_compressed_tree_size,1176
h5_initial_tree_size_uncompressed,6656
h5_initial_updates_size_uncompressed,312
h5_update_packet_size,256
h5_compressed_updates_size,256
h5_tree_packet_size,1112
h5_compressed_tree_size,1112
h4_initial_tree_size_uncompressed,6656
h4_initial_updates_size_uncompressed,312
h4_update_packet_size,248
h4_compressed_updates_size,248
h4_tree_packet_size,1104
h4_compressed_tree_size,1104
h19_initial_tree_size_uncompressed,6688
h19_initial_updates_size_uncompressed,328
h19_update_packet_size,272
h19_compressed_updates_size,272
h19_tree_packet_size,1144
h19_compressed_tree_size,1144
h15_initial_tree_size_uncompressed,6672
h15_initial_updates_size_uncompressed,320
h15_update_packet_size,264
h15_compressed_updates_size,264
h15_tree_packet_size,1128
h15_compressed_tree_size,1128
h16_initial_tree_size_uncompressed,6720
h16_initial_updates_size_uncompressed,344
h16_update_packet_size,288
h16_compressed_updates_size,288
h16_tree_packet_size,1176
h16_compressed_tree_size,1176
