name,size
h3_initial_tree_size_uncompressed,6656
h3_initial_updates_size_uncompressed,312
h3_update_packet_size,256
h3_compressed_updates_size,256
h3_tree_packet_size,1112
h3_compressed_tree_size,1112
h3_received_tree_update_uncompressed,1984
h3_received_tree_update_compressed,1984
h0_initial_tree_size_uncompressed,35176
h0_initial_updates_size_uncompressed,2064
h0_update_packet_size,816
h0_compressed_updates_size,816
h0_tree_packet_size,7032
h0_compressed_tree_size,7032
h2_initial_tree_size_uncompressed,6720
h2_initial_updates_size_uncompressed,344
h2_update_packet_size,288
h2_compressed_updates_size,288
h2_tree_packet_size,1176
h2_compressed_tree_size,1176
h2_received_tree_update_uncompressed,1984
h2_received_tree_update_compressed,1984
h1_initial_tree_size_uncompressed,6688
h1_initial_updates_size_uncompressed,328
h1_update_packet_size,272
h1_compressed_updates_size,272
h1_tree_packet_size,1136
h1_compressed_tree_size,1136
h1_received_tree_update_uncompressed,1984
h1_received_tree_update_compressed,1984
h4_received_tree_update_uncompressed,1984
h4_received_tree_update_compressed,1984
h4_initial_tree_size_uncompressed,5872
h4_initial_updates_size_uncompressed,328
h4_update_packet_size,272
h4_compressed_updates_size,272
h4_tree_packet_size,1144
h4_compressed_tree_size,1144
