name,size
h3_initial_tree_size_uncompressed,6672
h3_initial_updates_size_uncompressed,320
h3_update_packet_size,264
h3_compressed_updates_size,264
h3_tree_packet_size,1120
h3_compressed_tree_size,1120
h3_received_tree_update_uncompressed,1984
h3_received_tree_update_compressed,1984
h0_initial_tree_size_uncompressed,33200
h0_initial_updates_size_uncompressed,2048
h0_update_packet_size,824
h0_compressed_updates_size,824
h0_tree_packet_size,6712
h0_compressed_tree_size,6712
h2_initial_tree_size_uncompressed,6656
h2_initial_updates_size_uncompressed,312
h2_update_packet_size,256
h2_compressed_updates_size,256
h2_tree_packet_size,1112
h2_compressed_tree_size,1112
h2_received_tree_update_uncompressed,1984
h2_received_tree_update_compressed,1984
h1_initial_tree_size_uncompressed,6704
h1_initial_updates_size_uncompressed,336
h1_update_packet_size,280
h1_compressed_updates_size,280
h1_tree_packet_size,1160
h1_compressed_tree_size,1160
h1_received_tree_update_uncompressed,1984
h1_received_tree_update_compressed,1984
h4_received_tree_update_uncompressed,1984
h4_received_tree_update_compressed,1984
h4_initial_tree_size_uncompressed,5888
h4_initial_updates_size_uncompressed,336
h4_update_packet_size,272
h4_compressed_updates_size,272
h4_tree_packet_size,1152
h4_compressed_tree_size,1152
