name,size
h3_initial_tree_size_uncompressed,6736
h3_initial_updates_size_uncompressed,352
h3_update_packet_size,296
h3_compressed_updates_size,296
h3_tree_packet_size,1184
h3_compressed_tree_size,1184
h3_received_tree_update_uncompressed,2008
h3_received_tree_update_compressed,2008
h0_initial_tree_size_uncompressed,34496
h0_initial_updates_size_uncompressed,2088
h0_update_packet_size,848
h0_compressed_updates_size,848
h0_tree_packet_size,7072
h0_compressed_tree_size,7072
h2_initial_tree_size_uncompressed,6656
h2_initial_updates_size_uncompressed,312
h2_update_packet_size,256
h2_compressed_updates_size,256
h2_tree_packet_size,1112
h2_compressed_tree_size,1112
h2_received_tree_update_uncompressed,2008
h2_received_tree_update_compressed,2008
h1_initial_tree_size_uncompressed,6656
h1_initial_updates_size_uncompressed,312
h1_update_packet_size,256
h1_compressed_updates_size,256
h1_tree_packet_size,1104
h1_compressed_tree_size,1104
h1_received_tree_update_uncompressed,2008
h1_received_tree_update_compressed,2008
h4_received_tree_update_uncompressed,2008
h4_received_tree_update_compressed,2008
h4_initial_tree_size_uncompressed,5840
h4_initial_updates_size_uncompressed,312
h4_update_packet_size,248
h4_compressed_updates_size,248
h4_tree_packet_size,1104
h4_compressed_tree_size,1104
