name,size
h3_initial_tree_size_uncompressed,6624
h3_initial_updates_size_uncompressed,296
h3_update_packet_size,240
h3_compressed_updates_size,240
h3_tree_packet_size,1080
h3_compressed_tree_size,1080
h3_received_tree_update_uncompressed,1992
h3_received_tree_update_compressed,1992
h0_initial_tree_size_uncompressed,32520
h0_initial_updates_size_uncompressed,2072
h0_update_packet_size,824
h0_compressed_updates_size,824
h0_tree_packet_size,6584
h0_compressed_tree_size,6584
h2_initial_tree_size_uncompressed,6624
h2_initial_updates_size_uncompressed,296
h2_update_packet_size,240
h2_compressed_updates_size,240
h2_tree_packet_size,1080
h2_compressed_tree_size,1080
h2_received_tree_update_uncompressed,1992
h2_received_tree_update_compressed,1992
h1_initial_tree_size_uncompressed,6656
h1_initial_updates_size_uncompressed,312
h1_update_packet_size,248
h1_compressed_updates_size,248
h1_tree_packet_size,1104
h1_compressed_tree_size,1104
h1_received_tree_update_uncompressed,1992
h1_received_tree_update_compressed,1992
h4_received_tree_update_uncompressed,1992
h4_received_tree_update_compressed,1992
h4_initial_tree_size_uncompressed,5808
h4_initial_updates_size_uncompressed,296
h4_update_packet_size,240
h4_compressed_updates_size,240
h4_tree_packet_size,1072
h4_compressed_tree_size,1072
