name,size
h3_initial_tree_size_uncompressed,6688
h3_initial_updates_size_uncompressed,328
h3_update_packet_size,272
h3_compressed_updates_size,272
h3_tree_packet_size,1144
h3_compressed_tree_size,1144
h3_received_tree_update_uncompressed,1936
h3_received_tree_update_compressed,1936
h0_initial_tree_size_uncompressed,33752
h0_initial_updates_size_uncompressed,2008
h0_update_packet_size,776
h0_compressed_updates_size,776
h0_tree_packet_size,6832
h0_compressed_tree_size,6832
h2_initial_tree_size_uncompressed,6624
h2_initial_updates_size_uncompressed,296
h2_update_packet_size,240
h2_compressed_updates_size,240
h2_tree_packet_size,1080
h2_compressed_tree_size,1080
h2_received_tree_update_uncompressed,1936
h2_received_tree_update_compressed,1936
h1_initial_tree_size_uncompressed,6624
h1_initial_updates_size_uncompressed,296
h1_update_packet_size,240
h1_compressed_updates_size,240
h1_tree_packet_size,1072
h1_compressed_tree_size,1072
h1_received_tree_update_uncompressed,1936
h1_received_tree_update_compressed,1936
h4_received_tree_update_uncompressed,1936
h4_received_tree_update_compressed,1936
h4_initial_tree_size_uncompressed,5872
h4_initial_updates_size_uncompressed,328
h4_update_packet_size,272
h4_compressed_updates_size,272
h4_tree_packet_size,1144
h4_compressed_tree_size,1144
