name,size
h3_initial_tree_size_uncompressed,6640
h3_initial_updates_size_uncompressed,304
h3_update_packet_size,248
h3_compressed_updates_size,248
h3_tree_packet_size,1088
h3_compressed_tree_size,1088
h3_received_tree_update_uncompressed,2000
h3_received_tree_update_compressed,2000
h0_initial_tree_size_uncompressed,34448
h0_initial_updates_size_uncompressed,2040
h0_update_packet_size,832
h0_compressed_updates_size,832
h0_tree_packet_size,6808
h0_compressed_tree_size,6808
h2_initial_tree_size_uncompressed,6688
h2_initial_updates_size_uncompressed,328
h2_update_packet_size,272
h2_compressed_updates_size,272
h2_tree_packet_size,1144
h2_compressed_tree_size,1144
h2_received_tree_update_uncompressed,2000
h2_received_tree_update_compressed,2000
h1_initial_tree_size_uncompressed,6640
h1_initial_updates_size_uncompressed,304
h1_update_packet_size,248
h1_compressed_updates_size,248
h1_tree_packet_size,1096
h1_compressed_tree_size,1096
h1_received_tree_update_uncompressed,2000
h1_received_tree_update_compressed,2000
h4_received_tree_update_uncompressed,2000
h4_received_tree_update_compressed,2000
h4_initial_tree_size_uncompressed,5856
h4_initial_updates_size_uncompressed,320
h4_update_packet_size,256
h4_compressed_updates_size,256
h4_tree_packet_size,1120
h4_compressed_tree_size,1120
