name,size
h3_received_tree_update_uncompressed,1936
h3_received_tree_update_compressed,1936
h3_initial_tree_size_uncompressed,5872
h3_initial_updates_size_uncompressed,328
h3_update_packet_size,272
h3_compressed_updates_size,272
h3_tree_packet_size,1144
h3_compressed_tree_size,1144
h0_initial_tree_size_uncompressed,33640
h0_initial_updates_size_uncompressed,2000
h0_update_packet_size,776
h0_compressed_updates_size,776
h0_tree_packet_size,6808
h0_compressed_tree_size,6808
h2_initial_tree_size_uncompressed,6672
h2_initial_updates_size_uncompressed,320
h2_update_packet_size,264
h2_compressed_updates_size,264
h2_tree_packet_size,1128
h2_compressed_tree_size,1128
h2_received_tree_update_uncompressed,1936
h2_received_tree_update_compressed,1936
h1_initial_tree_size_uncompressed,6704
h1_initial_updates_size_uncompressed,336
h1_update_packet_size,272
h1_compressed_updates_size,272
h1_tree_packet_size,1152
h1_compressed_tree_size,1152
h1_received_tree_update_uncompressed,1936
h1_received_tree_update_compressed,1936
h4_received_tree_update_uncompressed,1936
h4_received_tree_update_compressed,1936
h4_initial_tree_size_uncompressed,5888
h4_initial_updates_size_uncompressed,336
h4_update_packet_size,272
h4_compressed_updates_size,272
h4_tree_packet_size,1152
h4_compressed_tree_size,1152
