name,size
h3_initial_tree_size_uncompressed,6640
h3_initial_updates_size_uncompressed,304
h3_update_packet_size,248
h3_compressed_updates_size,248
h3_tree_packet_size,1096
h3_compressed_tree_size,1096
h3_received_tree_update_uncompressed,2056
h3_received_tree_update_compressed,2056
h0_initial_tree_size_uncompressed,33312
h0_initial_updates_size_uncompressed,2128
h0_update_packet_size,888
h0_compressed_updates_size,888
h0_tree_packet_size,6944
h0_compressed_tree_size,6944
h2_initial_tree_size_uncompressed,6688
h2_initial_updates_size_uncompressed,328
h2_update_packet_size,264
h2_compressed_updates_size,264
h2_tree_packet_size,1136
h2_compressed_tree_size,1136
h2_received_tree_update_uncompressed,2056
h2_received_tree_update_compressed,2056
h1_initial_tree_size_uncompressed,6704
h1_initial_updates_size_uncompressed,336
h1_update_packet_size,280
h1_compressed_updates_size,280
h1_tree_packet_size,1152
h1_compressed_tree_size,1152
h1_received_tree_update_uncompressed,2056
h1_received_tree_update_compressed,2056
h4_initial_tree_size_uncompressed,6688
h4_initial_updates_size_uncompressed,328
h4_update_packet_size,272
h4_compressed_updates_size,272
h4_tree_packet_size,1136
h4_compressed_tree_size,1136
h4_received_tree_update_uncompressed,2056
h4_received_tree_update_compressed,2056
