name,mean,median,stdev,variance,value
h0_init_interest,29.3,10.5,33.698170078902905,1135.5666666666668,
h1_init_interest,43.7,51.5,30.47421496573419,928.6777777777778,
h1_join_update,14.4,12.0,7.136759301905406,50.93333333333334,
name,mean,median,stdev,variance,value
h0_initial_tree_size_uncompressed,33148.0,33752.0,1996.8624277990598,3987459.5555555555,
h0_initial_updates_size_uncompressed,2052.0,2068.0,38.505410875183074,1482.6666666666667,
h0_update_packet_size,852.8,864.0,36.01481176775282,1297.0666666666666,
h0_compressed_updates_size,852.8,864.0,36.01481176775282,1297.0666666666666,
h0_tree_packet_size,6312.0,6376.0,348.8138631291926,121671.11111111111,
h0_compressed_tree_size,6312.0,6376.0,348.8138631291926,121671.11111111111,
h1_received_tree_size,34424.8,35064.0,2098.27679563758,4402765.511111111,
h1_received_compressed_tree_size,6221.6,6284.0,349.8530485154525,122397.15555555555,
