name,mean,median,stdev,variance,value
h0_init_interest,31.7,21.0,21.85838257714621,477.7888888888889,
h1_init_interest,30.2,21.0,25.196119630697986,634.8444444444444,
h1_join_update,20.5,16.0,16.25662258212873,264.27777777777777,
name,mean,median,stdev,variance,value
h0_initial_tree_size_uncompressed,32780.0,32924.0,1942.3889071621745,3772874.6666666665,
h0_initial_updates_size_uncompressed,2056.8,2040.0,44.693524263713094,1997.5111111111112,
h0_update_packet_size,859.2,840.0,45.91005699553566,2107.733333333333,
h0_compressed_updates_size,859.2,840.0,45.91005699553566,2107.733333333333,
h0_tree_packet_size,6256.8,6308.0,382.07759537676225,145983.28888888887,
h0_compressed_tree_size,6256.8,6308.0,382.07759537676225,145983.28888888887,
h1_received_tree_size,34034.4,34188.0,2037.9512152050047,4153245.1555555556,
h1_received_compressed_tree_size,6164.8,6216.0,381.55145277027987,145581.51111111112,
