name,size
h3_initial_tree_size_uncompressed,6704
h3_initial_updates_size_uncompressed,336
h3_update_packet_size,272
h3_compressed_updates_size,272
h3_tree_packet_size,1152
h3_compressed_tree_size,1152
h3_received_tree_update_uncompressed,1960
h3_received_tree_update_compressed,1960
h0_initial_tree_size_uncompressed,33056
h0_initial_updates_size_uncompressed,2000
h0_update_packet_size,808
h0_compressed_updates_size,808
h0_tree_packet_size,6840
h0_compressed_tree_size,6840
h2_initial_tree_size_uncompressed,6640
h2_initial_updates_size_uncompressed,304
h2_update_packet_size,248
h2_compressed_updates_size,248
h2_tree_packet_size,1096
h2_compressed_tree_size,1096
h2_received_tree_update_uncompressed,1960
h2_received_tree_update_compressed,1960
h1_initial_tree_size_uncompressed,6720
h1_initial_updates_size_uncompressed,344
h1_update_packet_size,288
h1_compressed_updates_size,288
h1_tree_packet_size,1168
h1_compressed_tree_size,1168
h1_received_tree_update_uncompressed,1960
h1_received_tree_update_compressed,1960
h4_received_tree_update_uncompressed,1960
h4_received_tree_update_compressed,1960
h4_initial_tree_size_uncompressed,5856
h4_initial_updates_size_uncompressed,320
h4_update_packet_size,264
h4_compressed_updates_size,264
h4_tree_packet_size,1120
h4_compressed_tree_size,1120
