name,size
h3_initial_tree_size_uncompressed,6704
h3_initial_updates_size_uncompressed,336
h3_update_packet_size,280
h3_compressed_updates_size,280
h3_tree_packet_size,1160
h3_compressed_tree_size,1160
h3_received_tree_update_uncompressed,2000
h3_received_tree_update_compressed,2000
h0_initial_tree_size_uncompressed,35160
h0_initial_updates_size_uncompressed,2056
h0_update_packet_size,832
h0_compressed_updates_size,832
h0_tree_packet_size,7144
h0_compressed_tree_size,7144
h2_initial_tree_size_uncompressed,6624
h2_initial_updates_size_uncompressed,296
h2_update_packet_size,240
h2_compressed_updates_size,240
h2_tree_packet_size,1072
h2_compressed_tree_size,1072
h2_received_tree_update_uncompressed,2000
h2_received_tree_update_compressed,2000
h1_initial_tree_size_uncompressed,6672
h1_initial_updates_size_uncompressed,320
h1_update_packet_size,264
h1_compressed_updates_size,264
h1_tree_packet_size,1128
h1_compressed_tree_size,1128
h1_received_tree_update_uncompressed,2000
h1_received_tree_update_compressed,2000
h4_initial_tree_size_uncompressed,6704
h4_initial_updates_size_uncompressed,336
h4_update_packet_size,272
h4_compressed_updates_size,272
h4_tree_packet_size,1152
h4_compressed_tree_size,1152
h4_received_tree_update_uncompressed,2000
h4_received_tree_update_compressed,2000
