name,size
h3_received_tree_update_uncompressed,1952
h3_received_tree_update_compressed,1952
h3_initial_tree_size_uncompressed,5856
h3_initial_updates_size_uncompressed,320
h3_update_packet_size,256
h3_compressed_updates_size,256
h3_tree_packet_size,1120
h3_compressed_tree_size,1120
h0_initial_tree_size_uncompressed,35032
h0_initial_updates_size_uncompressed,1992
h0_update_packet_size,784
h0_compressed_updates_size,784
h0_tree_packet_size,6920
h0_compressed_tree_size,6920
h2_initial_tree_size_uncompressed,6704
h2_initial_updates_size_uncompressed,336
h2_update_packet_size,280
h2_compressed_updates_size,280
h2_tree_packet_size,1152
h2_compressed_tree_size,1152
h2_received_tree_update_uncompressed,1952
h2_received_tree_update_compressed,1952
h1_initial_tree_size_uncompressed,6688
h1_initial_updates_size_uncompressed,328
h1_update_packet_size,272
h1_compressed_updates_size,272
h1_tree_packet_size,1144
h1_compressed_tree_size,1144
h1_received_tree_update_uncompressed,1952
h1_received_tree_update_compressed,1952
h4_received_tree_update_uncompressed,1952
h4_received_tree_update_compressed,1952
h4_initial_tree_size_uncompressed,5824
h4_initial_updates_size_uncompressed,304
h4_update_packet_size,248
h4_compressed_updates_size,248
h4_tree_packet_size,1088
h4_compressed_tree_size,1088
