name,size
h3_initial_tree_size_uncompressed,6624
h3_initial_updates_size_uncompressed,296
h3_update_packet_size,240
h3_compressed_updates_size,240
h3_tree_packet_size,1072
h3_compressed_tree_size,1072
h3_received_tree_update_uncompressed,2016
h3_received_tree_update_compressed,2016
h0_initial_tree_size_uncompressed,33928
h0_initial_updates_size_uncompressed,2072
h0_update_packet_size,848
h0_compressed_updates_size,848
h0_tree_packet_size,6960
h0_compressed_tree_size,6960
h2_initial_tree_size_uncompressed,6624
h2_initial_updates_size_uncompressed,296
h2_update_packet_size,232
h2_compressed_updates_size,232
h2_tree_packet_size,1072
h2_compressed_tree_size,1072
h2_received_tree_update_uncompressed,2016
h2_received_tree_update_compressed,2016
h1_initial_tree_size_uncompressed,6624
h1_initial_updates_size_uncompressed,296
h1_update_packet_size,240
h1_compressed_updates_size,240
h1_tree_packet_size,1080
h1_compressed_tree_size,1080
h1_received_tree_update_uncompressed,2016
h1_received_tree_update_compressed,2016
h4_initial_tree_size_uncompressed,6720
h4_initial_updates_size_uncompressed,344
h4_update_packet_size,288
h4_compressed_updates_size,288
h4_tree_packet_size,1176
h4_compressed_tree_size,1176
h4_received_tree_update_uncompressed,2016
h4_received_tree_update_compressed,2016
