name,size
h3_initial_tree_size_uncompressed,6672
h3_initial_updates_size_uncompressed,320
h3_update_packet_size,256
h3_compressed_updates_size,256
h3_tree_packet_size,1120
h3_compressed_tree_size,1120
h3_received_tree_update_uncompressed,1968
h3_received_tree_update_compressed,1968
h0_initial_tree_size_uncompressed,32600
h0_initial_updates_size_uncompressed,2040
h0_update_packet_size,800
h0_compressed_updates_size,800
h0_tree_packet_size,6680
h0_compressed_tree_size,6680
h2_initial_tree_size_uncompressed,6688
h2_initial_updates_size_uncompressed,328
h2_update_packet_size,272
h2_compressed_updates_size,272
h2_tree_packet_size,1144
h2_compressed_tree_size,1144
h2_received_tree_update_uncompressed,1968
h2_received_tree_update_compressed,1968
h1_initial_tree_size_uncompressed,6656
h1_initial_updates_size_uncompressed,312
h1_update_packet_size,256
h1_compressed_updates_size,256
h1_tree_packet_size,1112
h1_compressed_tree_size,1112
h1_received_tree_update_uncompressed,1968
h1_received_tree_update_compressed,1968
h4_received_tree_update_uncompressed,1968
h4_received_tree_update_compressed,1968
h4_initial_tree_size_uncompressed,5840
h4_initial_updates_size_uncompressed,312
h4_update_packet_size,256
h4_compressed_updates_size,256
h4_tree_packet_size,1104
h4_compressed_tree_size,1104
