name,size
h3_initial_tree_size_uncompressed,6640
h3_initial_updates_size_uncompressed,304
h3_update_packet_size,248
h3_compressed_updates_size,248
h3_tree_packet_size,1096
h3_compressed_tree_size,1096
h3_received_tree_update_uncompressed,1968
h3_received_tree_update_compressed,1968
h0_initial_tree_size_uncompressed,33120
h0_initial_updates_size_uncompressed,2008
h0_update_packet_size,808
h0_compressed_updates_size,808
h0_tree_packet_size,6752
h0_compressed_tree_size,6752
h2_initial_tree_size_uncompressed,6672
h2_initial_updates_size_uncompressed,320
h2_update_packet_size,264
h2_compressed_updates_size,264
h2_tree_packet_size,1128
h2_compressed_tree_size,1128
h2_received_tree_update_uncompressed,1968
h2_received_tree_update_compressed,1968
h1_initial_tree_size_uncompressed,6624
h1_initial_updates_size_uncompressed,296
h1_update_packet_size,232
h1_compressed_updates_size,232
h1_tree_packet_size,1072
h1_compressed_tree_size,1072
h1_received_tree_update_uncompressed,1968
h1_received_tree_update_compressed,1968
h4_received_tree_update_uncompressed,1968
h4_received_tree_update_compressed,1968
h4_initial_tree_size_uncompressed,5888
h4_initial_updates_size_uncompressed,336
h4_update_packet_size,280
h4_compressed_updates_size,280
h4_tree_packet_size,1152
h4_compressed_tree_size,1152
