name,size
h3_initial_tree_size_uncompressed,6704
h3_initial_updates_size_uncompressed,336
h3_update_packet_size,272
h3_compressed_updates_size,272
h3_tree_packet_size,1152
h3_compressed_tree_size,1152
h3_received_tree_update_uncompressed,1928
h3_received_tree_update_compressed,1928
h0_initial_tree_size_uncompressed,33200
h0_initial_updates_size_uncompressed,2024
h0_update_packet_size,776
h0_compressed_updates_size,776
h0_tree_packet_size,6648
h0_compressed_tree_size,6648
h2_initial_tree_size_uncompressed,6624
h2_initial_updates_size_uncompressed,296
h2_update_packet_size,240
h2_compressed_updates_size,240
h2_tree_packet_size,1080
h2_compressed_tree_size,1080
h2_received_tree_update_uncompressed,1928
h2_received_tree_update_compressed,1928
h1_initial_tree_size_uncompressed,6624
h1_initial_updates_size_uncompressed,296
h1_update_packet_size,240
h1_compressed_updates_size,240
h1_tree_packet_size,1080
h1_compressed_tree_size,1080
h1_received_tree_update_uncompressed,1928
h1_received_tree_update_compressed,1928
h4_initial_tree_size_uncompressed,6720
h4_initial_updates_size_uncompressed,344
h4_update_packet_size,288
h4_compressed_updates_size,288
h4_received_tree_update_uncompressed,1928
h4_received_tree_update_compressed,1928
h4_tree_packet_size,6336
h4_compressed_tree_size,6336
