name,size
h3_initial_tree_size_uncompressed,6688
h3_initial_updates_size_uncompressed,328
h3_update_packet_size,272
h3_compressed_updates_size,272
h3_tree_packet_size,1144
h3_compressed_tree_size,1144
h3_received_tree_update_uncompressed,1864
h3_received_tree_update_compressed,1864
h0_initial_tree_size_uncompressed,32776
h0_initial_updates_size_uncompressed,1912
h0_update_packet_size,712
h0_compressed_updates_size,712
h0_tree_packet_size,6528
h0_compressed_tree_size,6528
h2_initial_tree_size_uncompressed,6688
h2_initial_updates_size_uncompressed,328
h2_update_packet_size,272
h2_compressed_updates_size,272
h2_tree_packet_size,1144
h2_compressed_tree_size,1144
h2_received_tree_update_uncompressed,1864
h2_received_tree_update_compressed,1864
h1_initial_tree_size_uncompressed,6720
h1_initial_updates_size_uncompressed,344
h1_update_packet_size,288
h1_compressed_updates_size,288
h1_tree_packet_size,1176
h1_compressed_tree_size,1176
h1_received_tree_update_uncompressed,1864
h1_received_tree_update_compressed,1864
h4_received_tree_update_uncompressed,1864
h4_received_tree_update_compressed,1864
h4_initial_tree_size_uncompressed,5920
h4_initial_updates_size_uncompressed,352
h4_update_packet_size,288
h4_compressed_updates_size,288
h4_tree_packet_size,1184
h4_compressed_tree_size,1184
