name,size
h3_initial_tree_size_uncompressed,6624
h3_initial_updates_size_uncompressed,296
h3_update_packet_size,240
h3_compressed_updates_size,240
h3_tree_packet_size,1080
h3_compressed_tree_size,1080
h3_received_tree_update_uncompressed,1968
h3_received_tree_update_compressed,1968
h0_initial_tree_size_uncompressed,35064
h0_initial_updates_size_uncompressed,2008
h0_update_packet_size,808
h0_compressed_updates_size,808
h0_tree_packet_size,7072
h0_compressed_tree_size,7072
h2_initial_tree_size_uncompressed,6704
h2_initial_updates_size_uncompressed,336
h2_update_packet_size,272
h2_compressed_updates_size,272
h2_tree_packet_size,1152
h2_compressed_tree_size,1152
h2_received_tree_update_uncompressed,1968
h2_received_tree_update_compressed,1968
h1_initial_tree_size_uncompressed,6688
h1_initial_updates_size_uncompressed,328
h1_update_packet_size,272
h1_compressed_updates_size,272
h1_tree_packet_size,1144
h1_compressed_tree_size,1144
h1_received_tree_update_uncompressed,1968
h1_received_tree_update_compressed,1968
h4_received_tree_update_uncompressed,1968
h4_received_tree_update_compressed,1968
h4_initial_tree_size_uncompressed,5808
h4_initial_updates_size_uncompressed,296
h4_update_packet_size,240
h4_compressed_updates_size,240
h4_tree_packet_size,1072
h4_compressed_tree_size,1072
