name,mean,median,stdev,variance,value
h0_init_interest,45.6,36.5,28.752584424901897,826.7111111111111,
h1_init_interest,36.1,22.5,25.229832429971555,636.5444444444445,
h1_join_update,17.5,16.5,2.758824226207808,7.611111111111111,
name,mean,median,stdev,variance,value
h0_initial_tree_size_uncompressed,33904.0,34148.0,1223.102067150026,1495978.6666666667,
h0_initial_updates_size_uncompressed,2053.6,2056.0,40.450793152504026,1636.2666666666667,
h0_update_packet_size,856.8,864.0,36.84441763837653,1357.5111111111112,
h0_compressed_updates_size,856.8,864.0,36.84441763837653,1357.5111111111112,
h0_tree_packet_size,6447.2,6484.0,255.4006873739989,65229.51111111111,
h0_compressed_tree_size,6447.2,6484.0,255.4006873739989,65229.51111111111,
h1_received_tree_size,35216.0,35476.0,1288.2511832368373,1659591.111111111,
h1_received_compressed_tree_size,6357.6,6396.0,254.35722910898366,64697.6,
