name,mean,median,stdev,variance,min,max,value
h9_init_interest,9.2,7.5,5.223876806442595,27.288888888888888,6,23,
sync_request,5.388888888888889,5.0,2.959253035284656,8.757178526841448,1,13,
h9_receive_updates,11.5,12.0,2.1213203435596424,4.5,7,14,
sync_update,29.7,29.5,4.182494282956797,17.493258426966293,22,40,
h3_init_interest,9.9,10.5,3.0713731999438516,9.433333333333334,5,15,
h3_receive_updates,10.7,10.5,3.3681514877517675,11.344444444444445,6,16,
h8_init_interest,19.7,8.0,20.24873109879014,410.01111111111106,6,60,
h8_receive_updates,12.3,12.0,3.2335051500740732,10.455555555555556,8,17,
h6_init_interest,13.8,7.5,18.528056802829834,343.2888888888889,6,66,
h6_receive_updates,10.8,10.5,2.6583202716502514,7.066666666666666,7,15,
h0_init_interest,10.5,11.0,2.4608038433722332,6.055555555555555,4,13,
h2_init_interest,11.0,11.0,1.8257418583505538,3.3333333333333335,8,15,
h2_receive_updates,11.5,10.5,2.592724864350674,6.722222222222222,10,18,
h7_init_interest,9.6,7.5,5.929212051829109,35.15555555555555,6,26,
h7_receive_updates,11.0,9.5,3.366501646120693,11.333333333333334,7,18,
h1_init_interest,11.2,11.0,1.8737959096740262,3.511111111111111,8,15,
h1_receive_updates,9.9,9.5,1.728840330651992,2.988888888888889,7,13,
h5_init_interest,7.5,6.5,2.758824226207808,7.611111111111111,6,15,
h5_receive_updates,11.7,11.0,3.1640339933558095,10.011111111111111,7,16,
h4_init_interest,9.8,10.0,2.8205594401741574,7.955555555555556,6,15,
h4_receive_updates,9.8,8.5,2.8205594401741574,7.955555555555556,7,14,
name,mean,median,stdev,variance,value
h9_initial_tree_size_uncompressed,1076184.0,1076184.0,0.0,0,
h9_initial_updates_size_uncompressed,18936.0,18936.0,0.0,0,
h9_update_packet_size,6536.0,6536.0,0.0,0,
h9_compressed_updates_size,6536.0,6536.0,0.0,0,
num_packets_queue,1.0,1.0,0.0,0,
h9_tree_packet_size,8800.0,8800.0,0.0,0,
h9_compressed_tree_size,208576.0,208576.0,0.0,0,
num_packets_tree,24.0,24.0,0.0,0,
h9_received_tree_update_uncompressed,18864.0,18864.0,0.0,0,
h9_received_tree_update_compressed,18864.0,18864.0,0.0,0,
h3_initial_tree_size_uncompressed,1076184.0,1076184.0,0.0,0,
h3_initial_updates_size_uncompressed,18936.0,18936.0,0.0,0,
h3_update_packet_size,6536.0,6536.0,0.0,0,
h3_compressed_updates_size,6536.0,6536.0,0.0,0,
h3_tree_packet_size,8800.0,8800.0,0.0,0,
h3_compressed_tree_size,208576.0,208576.0,0.0,0,
h3_received_tree_update_uncompressed,18864.0,18864.0,0.0,0,
h3_received_tree_update_compressed,18864.0,18864.0,0.0,0,
h8_initial_tree_size_uncompressed,1076184.0,1076184.0,0.0,0,
h8_initial_updates_size_uncompressed,18936.0,18936.0,0.0,0,
h8_update_packet_size,6536.0,6536.0,0.0,0,
h8_compressed_updates_size,6536.0,6536.0,0.0,0,
h8_tree_packet_size,8800.0,8800.0,0.0,0,
h8_compressed_tree_size,208576.0,208576.0,0.0,0,
h8_received_tree_update_uncompressed,18864.0,18864.0,0.0,0,
h8_received_tree_update_compressed,18864.0,18864.0,0.0,0,
h6_initial_tree_size_uncompressed,1076184.0,1076184.0,0.0,0,
h6_initial_updates_size_uncompressed,18936.0,18936.0,0.0,0,
h6_update_packet_size,6536.0,6536.0,0.0,0,
h6_compressed_updates_size,6536.0,6536.0,0.0,0,
h6_tree_packet_size,8800.0,8800.0,0.0,0,
h6_compressed_tree_size,208576.0,208576.0,0.0,0,
h6_received_tree_update_uncompressed,18864.0,18864.0,0.0,0,
h6_received_tree_update_compressed,18864.0,18864.0,0.0,0,
h0_initial_tree_size_uncompressed,1076184.0,1076184.0,0.0,0,
h0_initial_updates_size_uncompressed,18936.0,18936.0,0.0,0,
h0_update_packet_size,6528.0,6528.0,0.0,0,
h0_compressed_updates_size,6528.0,6528.0,0.0,0,
h0_tree_packet_size,8800.0,8800.0,0.0,0,
h0_compressed_tree_size,208632.0,208632.0,0.0,0,
h2_initial_tree_size_uncompressed,1076184.0,1076184.0,0.0,0,
h2_initial_updates_size_uncompressed,18936.0,18936.0,0.0,0,
h2_update_packet_size,6536.0,6536.0,0.0,0,
h2_compressed_updates_size,6536.0,6536.0,0.0,0,
h2_tree_packet_size,8800.0,8800.0,0.0,0,
h2_compressed_tree_size,208576.0,208576.0,0.0,0,
h2_received_tree_update_uncompressed,18864.0,18864.0,0.0,0,
h2_received_tree_update_compressed,18864.0,18864.0,0.0,0,
h7_initial_tree_size_uncompressed,1076184.0,1076184.0,0.0,0,
h7_initial_updates_size_uncompressed,18936.0,18936.0,0.0,0,
h7_update_packet_size,6536.0,6536.0,0.0,0,
h7_compressed_updates_size,6536.0,6536.0,0.0,0,
h7_tree_packet_size,8800.0,8800.0,0.0,0,
h7_compressed_tree_size,208576.0,208576.0,0.0,0,
h7_received_tree_update_uncompressed,18864.0,18864.0,0.0,0,
h7_received_tree_update_compressed,18864.0,18864.0,0.0,0,
h1_initial_tree_size_uncompressed,1076184.0,1076184.0,0.0,0,
h1_initial_updates_size_uncompressed,18936.0,18936.0,0.0,0,
h1_update_packet_size,6536.0,6536.0,0.0,0,
h1_compressed_updates_size,6536.0,6536.0,0.0,0,
h1_tree_packet_size,8800.0,8800.0,0.0,0,
h1_compressed_tree_size,208576.0,208576.0,0.0,0,
h1_received_tree_update_uncompressed,18864.0,18864.0,0.0,0,
h1_received_tree_update_compressed,18864.0,18864.0,0.0,0,
h5_initial_tree_size_uncompressed,1076184.0,1076184.0,0.0,0,
h5_initial_updates_size_uncompressed,18936.0,18936.0,0.0,0,
h5_update_packet_size,6536.0,6536.0,0.0,0,
h5_compressed_updates_size,6536.0,6536.0,0.0,0,
h5_tree_packet_size,8800.0,8800.0,0.0,0,
h5_compressed_tree_size,208576.0,208576.0,0.0,0,
h5_received_tree_update_uncompressed,18864.0,18864.0,0.0,0,
h5_received_tree_update_compressed,18864.0,18864.0,0.0,0,
h4_initial_tree_size_uncompressed,1076184.0,1076184.0,0.0,0,
h4_initial_updates_size_uncompressed,18936.0,18936.0,0.0,0,
h4_update_packet_size,6536.0,6536.0,0.0,0,
h4_compressed_updates_size,6536.0,6536.0,0.0,0,
h4_tree_packet_size,8800.0,8800.0,0.0,0,
h4_compressed_tree_size,208576.0,208576.0,0.0,0,
h4_received_tree_update_uncompressed,18864.0,18864.0,0.0,0,
h4_received_tree_update_compressed,18864.0,18864.0,0.0,0,
