name,size
h13_initial_tree_size_uncompressed,1076184
h13_initial_updates_size_uncompressed,18936
h13_update_packet_size,6536
h13_compressed_updates_size,6536
num_packets_queue,1
h13_tree_packet_size,8800
h13_compressed_tree_size,208576
num_packets_tree,24
h13_received_tree_update_uncompressed,18864
h13_received_tree_update_compressed,18864
h9_initial_tree_size_uncompressed,1076184
h9_initial_updates_size_uncompressed,18936
h9_update_packet_size,6536
h9_compressed_updates_size,6536
h9_tree_packet_size,8800
h9_compressed_tree_size,208576
h9_received_tree_update_uncompressed,18864
h9_received_tree_update_compressed,18864
h3_initial_tree_size_uncompressed,1076184
h3_initial_updates_size_uncompressed,18936
h3_update_packet_size,6536
h3_compressed_updates_size,6536
h3_tree_packet_size,8800
h3_compressed_tree_size,208576
h3_received_tree_update_uncompressed,18864
h3_received_tree_update_compressed,18864
h12_initial_tree_size_uncompressed,1076184
h12_initial_updates_size_uncompressed,18936
h12_update_packet_size,6536
h12_compressed_updates_size,6536
h12_tree_packet_size,8800
h12_compressed_tree_size,208576
h12_received_tree_update_uncompressed,18864
h12_received_tree_update_compressed,18864
h11_initial_tree_size_uncompressed,1076184
h11_initial_updates_size_uncompressed,18936
h11_update_packet_size,6536
h11_compressed_updates_size,6536
h11_tree_packet_size,8800
h11_compressed_tree_size,208576
h11_received_tree_update_uncompressed,18864
h11_received_tree_update_compressed,18864
h8_initial_tree_size_uncompressed,1076184
h8_initial_updates_size_uncompressed,18936
h8_update_packet_size,6536
h8_compressed_updates_size,6536
h8_tree_packet_size,8800
h8_compressed_tree_size,208576
h8_received_tree_update_uncompressed,18864
h8_received_tree_update_compressed,18864
h10_initial_tree_size_uncompressed,1076184
h10_initial_updates_size_uncompressed,18936
h10_update_packet_size,6536
h10_compressed_updates_size,6536
h10_tree_packet_size,8800
h10_compressed_tree_size,208576
h10_received_tree_update_uncompressed,18864
h10_received_tree_update_compressed,18864
h6_initial_tree_size_uncompressed,1076184
h6_initial_updates_size_uncompressed,18936
h6_update_packet_size,6536
h6_compressed_updates_size,6536
h6_tree_packet_size,8800
h6_compressed_tree_size,208576
h6_received_tree_update_uncompressed,18864
h6_received_tree_update_compressed,18864
h0_initial_tree_size_uncompressed,1076184
h0_initial_updates_size_uncompressed,18936
h0_update_packet_size,6528
h0_compressed_updates_size,6528
h0_tree_packet_size,8800
h0_compressed_tree_size,208632
h2_initial_tree_size_uncompressed,1076184
h2_initial_updates_size_uncompressed,18936
h2_update_packet_size,6536
h2_compressed_updates_size,6536
h2_tree_packet_size,8800
h2_compressed_tree_size,208576
h2_received_tree_update_uncompressed,18864
h2_received_tree_update_compressed,18864
h7_initial_tree_size_uncompressed,1076184
h7_initial_updates_size_uncompressed,18936
h7_update_packet_size,6536
h7_compressed_updates_size,6536
h7_tree_packet_size,8800
h7_compressed_tree_size,208576
h7_received_tree_update_uncompressed,18864
h7_received_tree_update_compressed,18864
h1_initial_tree_size_uncompressed,1076184
h1_initial_updates_size_uncompressed,18936
h1_update_packet_size,6536
h1_compressed_updates_size,6536
h1_tree_packet_size,8800
h1_compressed_tree_size,208576
h1_received_tree_update_uncompressed,18864
h1_received_tree_update_compressed,18864
h14_initial_tree_size_uncompressed,1076184
h14_initial_updates_size_uncompressed,18936
h14_update_packet_size,6536
h14_compressed_updates_size,6536
h14_tree_packet_size,8800
h14_compressed_tree_size,208576
h14_received_tree_update_uncompressed,18864
h14_received_tree_update_compressed,18864
h5_initial_tree_size_uncompressed,1076184
h5_initial_updates_size_uncompressed,18936
h5_update_packet_size,6536
h5_compressed_updates_size,6536
h5_tree_packet_size,8800
h5_compressed_tree_size,208576
h5_received_tree_update_uncompressed,18864
h5_received_tree_update_compressed,18864
h4_initial_tree_size_uncompressed,1076184
h4_initial_updates_size_uncompressed,18936
h4_update_packet_size,6536
h4_compressed_updates_size,6536
h4_tree_packet_size,8800
h4_compressed_tree_size,208576
h4_received_tree_update_uncompressed,18864
h4_received_tree_update_compressed,18864
