name,mean,median,stdev,variance,min,max,value
h13_init_interest,12.9,7.0,12.758004023618533,162.76666666666668,6,42,
sync_request,5.85,5.0,4.2475977129355424,18.042086330935252,0,18,
h13_receive_updates,15.8,16.0,2.250925735484551,5.066666666666666,11,19,
sync_update,37.23571428571429,36.0,6.791457514376323,46.123895169578624,27,58,
h9_init_interest,6.9,6.0,2.378141197564929,5.655555555555555,5,13,
h9_receive_updates,17.3,18.0,4.191260749066641,17.566666666666666,10,25,
h3_init_interest,11.8,11.5,3.9384147967311813,15.511111111111111,5,18,
h3_receive_updates,15.9,15.0,4.1486276177925525,17.211111111111112,12,25,
h12_init_interest,13.5,10.5,9.606132300659707,92.27777777777777,6,36,
h12_receive_updates,17.3,17.5,3.1287200080686173,9.788888888888888,12,22,
h11_init_interest,8.9,7.0,5.566766466171263,30.98888888888889,5,24,
h11_receive_updates,16.2,17.5,5.329165037789691,28.400000000000002,6,24,
h8_init_interest,7.7,7.0,2.406010991015812,5.788888888888889,5,12,
h8_receive_updates,15.9,14.5,4.094712037087183,16.766666666666666,12,24,
h10_init_interest,7.3,6.5,2.0027758514399734,4.011111111111111,6,11,
h10_receive_updates,14.8,15.0,1.6193277068654826,2.6222222222222222,12,18,
h6_init_interest,10.6,10.0,4.351245032554859,18.933333333333334,5,18,
h6_receive_updates,16.5,15.0,5.296749527356901,28.055555555555557,11,27,
h0_init_interest,12.7,11.5,2.8303906287138374,8.011111111111111,11,18,
h2_init_interest,12.5,11.5,3.13581462037113,9.833333333333334,10,18,
h2_receive_updates,18.7,15.5,8.11103500725332,65.78888888888889,12,36,
h7_init_interest,8.8,7.0,3.966526608171604,15.733333333333333,6,18,
h7_receive_updates,15.9,13.5,5.384133067531754,28.98888888888889,10,24,
h1_init_interest,12.6,11.5,3.1340424729448424,9.822222222222223,10,19,
h1_receive_updates,18.5,17.0,4.503085362035432,20.27777777777778,12,26,
h14_init_interest,8.6,7.0,4.376706016578627,19.155555555555555,5,20,
h14_receive_updates,16.1,16.5,2.5144029554194813,6.322222222222223,12,21,
h5_init_interest,10.6,11.0,4.4522154285504,19.822222222222223,6,18,
h5_receive_updates,16.2,16.5,4.962078417580906,24.622222222222224,7,24,
h4_init_interest,11.2,12.0,4.157990967870047,17.288888888888888,6,18,
h4_receive_updates,19.9,18.5,6.2084172253839744,38.544444444444444,12,34,
name,mean,median,stdev,variance,value
h13_initial_tree_size_uncompressed,1076184.0,1076184.0,0.0,0,
h13_initial_updates_size_uncompressed,18936.0,18936.0,0.0,0,
h13_update_packet_size,6536.0,6536.0,0.0,0,
h13_compressed_updates_size,6536.0,6536.0,0.0,0,
num_packets_queue,1.0,1.0,0.0,0,
h13_tree_packet_size,8800.0,8800.0,0.0,0,
h13_compressed_tree_size,208576.0,208576.0,0.0,0,
num_packets_tree,24.0,24.0,0.0,0,
h13_received_tree_update_uncompressed,18864.0,18864.0,0.0,0,
h13_received_tree_update_compressed,18864.0,18864.0,0.0,0,
h9_initial_tree_size_uncompressed,1076184.0,1076184.0,0.0,0,
h9_initial_updates_size_uncompressed,18936.0,18936.0,0.0,0,
h9_update_packet_size,6536.0,6536.0,0.0,0,
h9_compressed_updates_size,6536.0,6536.0,0.0,0,
h9_tree_packet_size,8800.0,8800.0,0.0,0,
h9_compressed_tree_size,208576.0,208576.0,0.0,0,
h9_received_tree_update_uncompressed,18864.0,18864.0,0.0,0,
h9_received_tree_update_compressed,18864.0,18864.0,0.0,0,
h3_initial_tree_size_uncompressed,1076184.0,1076184.0,0.0,0,
h3_initial_updates_size_uncompressed,18936.0,18936.0,0.0,0,
h3_update_packet_size,6536.0,6536.0,0.0,0,
h3_compressed_updates_size,6536.0,6536.0,0.0,0,
h3_tree_packet_size,8800.0,8800.0,0.0,0,
h3_compressed_tree_size,208576.0,208576.0,0.0,0,
h3_received_tree_update_uncompressed,18864.0,18864.0,0.0,0,
h3_received_tree_update_compressed,18864.0,18864.0,0.0,0,
h12_initial_tree_size_uncompressed,1076184.0,1076184.0,0.0,0,
h12_initial_updates_size_uncompressed,18936.0,18936.0,0.0,0,
h12_update_packet_size,6536.0,6536.0,0.0,0,
h12_compressed_updates_size,6536.0,6536.0,0.0,0,
h12_tree_packet_size,8800.0,8800.0,0.0,0,
h12_compressed_tree_size,208576.0,208576.0,0.0,0,
h12_received_tree_update_uncompressed,18864.0,18864.0,0.0,0,
h12_received_tree_update_compressed,18864.0,18864.0,0.0,0,
h11_initial_tree_size_uncompressed,1076184.0,1076184.0,0.0,0,
h11_initial_updates_size_uncompressed,18936.0,18936.0,0.0,0,
h11_update_packet_size,6536.0,6536.0,0.0,0,
h11_compressed_updates_size,6536.0,6536.0,0.0,0,
h11_tree_packet_size,8800.0,8800.0,0.0,0,
h11_compressed_tree_size,208576.0,208576.0,0.0,0,
h11_received_tree_update_uncompressed,18864.0,18864.0,0.0,0,
h11_received_tree_update_compressed,18864.0,18864.0,0.0,0,
h8_initial_tree_size_uncompressed,1076184.0,1076184.0,0.0,0,
h8_initial_updates_size_uncompressed,18936.0,18936.0,0.0,0,
h8_update_packet_size,6536.0,6536.0,0.0,0,
h8_compressed_updates_size,6536.0,6536.0,0.0,0,
h8_tree_packet_size,8800.0,8800.0,0.0,0,
h8_compressed_tree_size,208576.0,208576.0,0.0,0,
h8_received_tree_update_uncompressed,18864.0,18864.0,0.0,0,
h8_received_tree_update_compressed,18864.0,18864.0,0.0,0,
h10_initial_tree_size_uncompressed,1076184.0,1076184.0,0.0,0,
h10_initial_updates_size_uncompressed,18936.0,18936.0,0.0,0,
h10_update_packet_size,6536.0,6536.0,0.0,0,
h10_compressed_updates_size,6536.0,6536.0,0.0,0,
h10_tree_packet_size,8800.0,8800.0,0.0,0,
h10_compressed_tree_size,208576.0,208576.0,0.0,0,
h10_received_tree_update_uncompressed,18864.0,18864.0,0.0,0,
h10_received_tree_update_compressed,18864.0,18864.0,0.0,0,
h6_initial_tree_size_uncompressed,1076184.0,1076184.0,0.0,0,
h6_initial_updates_size_uncompressed,18936.0,18936.0,0.0,0,
h6_update_packet_size,6536.0,6536.0,0.0,0,
h6_compressed_updates_size,6536.0,6536.0,0.0,0,
h6_tree_packet_size,8800.0,8800.0,0.0,0,
h6_compressed_tree_size,208576.0,208576.0,0.0,0,
h6_received_tree_update_uncompressed,18864.0,18864.0,0.0,0,
h6_received_tree_update_compressed,18864.0,18864.0,0.0,0,
h0_initial_tree_size_uncompressed,1076184.0,1076184.0,0.0,0,
h0_initial_updates_size_uncompressed,18936.0,18936.0,0.0,0,
h0_update_packet_size,6528.0,6528.0,0.0,0,
h0_compressed_updates_size,6528.0,6528.0,0.0,0,
h0_tree_packet_size,8800.0,8800.0,0.0,0,
h0_compressed_tree_size,208632.0,208632.0,0.0,0,
h2_initial_tree_size_uncompressed,1076184.0,1076184.0,0.0,0,
h2_initial_updates_size_uncompressed,18936.0,18936.0,0.0,0,
h2_update_packet_size,6536.0,6536.0,0.0,0,
h2_compressed_updates_size,6536.0,6536.0,0.0,0,
h2_tree_packet_size,8800.0,8800.0,0.0,0,
h2_compressed_tree_size,208576.0,208576.0,0.0,0,
h2_received_tree_update_uncompressed,18864.0,18864.0,0.0,0,
h2_received_tree_update_compressed,18864.0,18864.0,0.0,0,
h7_initial_tree_size_uncompressed,1076184.0,1076184.0,0.0,0,
h7_initial_updates_size_uncompressed,18936.0,18936.0,0.0,0,
h7_update_packet_size,6536.0,6536.0,0.0,0,
h7_compressed_updates_size,6536.0,6536.0,0.0,0,
h7_tree_packet_size,8800.0,8800.0,0.0,0,
h7_compressed_tree_size,208576.0,208576.0,0.0,0,
h7_received_tree_update_uncompressed,18864.0,18864.0,0.0,0,
h7_received_tree_update_compressed,18864.0,18864.0,0.0,0,
h1_initial_tree_size_uncompressed,1076184.0,1076184.0,0.0,0,
h1_initial_updates_size_uncompressed,18936.0,18936.0,0.0,0,
h1_update_packet_size,6536.0,6536.0,0.0,0,
h1_compressed_updates_size,6536.0,6536.0,0.0,0,
h1_tree_packet_size,8800.0,8800.0,0.0,0,
h1_compressed_tree_size,208576.0,208576.0,0.0,0,
h1_received_tree_update_uncompressed,18864.0,18864.0,0.0,0,
h1_received_tree_update_compressed,18864.0,18864.0,0.0,0,
h14_initial_tree_size_uncompressed,1076184.0,1076184.0,0.0,0,
h14_initial_updates_size_uncompressed,18936.0,18936.0,0.0,0,
h14_update_packet_size,6536.0,6536.0,0.0,0,
h14_compressed_updates_size,6536.0,6536.0,0.0,0,
h14_tree_packet_size,8800.0,8800.0,0.0,0,
h14_compressed_tree_size,208576.0,208576.0,0.0,0,
h14_received_tree_update_uncompressed,18864.0,18864.0,0.0,0,
h14_received_tree_update_compressed,18864.0,18864.0,0.0,0,
h5_initial_tree_size_uncompressed,1076184.0,1076184.0,0.0,0,
h5_initial_updates_size_uncompressed,18936.0,18936.0,0.0,0,
h5_update_packet_size,6536.0,6536.0,0.0,0,
h5_compressed_updates_size,6536.0,6536.0,0.0,0,
h5_tree_packet_size,8800.0,8800.0,0.0,0,
h5_compressed_tree_size,208576.0,208576.0,0.0,0,
h5_received_tree_update_uncompressed,18864.0,18864.0,0.0,0,
h5_received_tree_update_compressed,18864.0,18864.0,0.0,0,
h4_initial_tree_size_uncompressed,1076184.0,1076184.0,0.0,0,
h4_initial_updates_size_uncompressed,18936.0,18936.0,0.0,0,
h4_update_packet_size,6536.0,6536.0,0.0,0,
h4_compressed_updates_size,6536.0,6536.0,0.0,0,
h4_tree_packet_size,8800.0,8800.0,0.0,0,
h4_compressed_tree_size,208576.0,208576.0,0.0,0,
h4_received_tree_update_uncompressed,18864.0,18864.0,0.0,0,
h4_received_tree_update_compressed,18864.0,18864.0,0.0,0,
