name,mean,median,stdev,variance,min,max,value
h3_init_interest,19.3,14.0,10.349986580774983,107.12222222222222,11,39,
sync_request,6.425,6.0,1.1958796783657648,1.4301282051282052,5,10,
h3_receive_updates,52.7,49.5,30.122158694961495,907.3444444444444,14,97,
sync_update,70.125,67.0,29.052726161857812,844.0608974358975,31,113,
h0_init_interest,17.7,16.0,3.5605867181937554,12.677777777777777,12,23,
h2_init_interest,16.6,15.5,4.033195589934446,16.266666666666666,11,23,
h2_receive_updates,52.9,49.5,30.86691864547977,952.7666666666667,14,97,
h1_init_interest,17.3,16.5,3.8600518131237567,14.9,12,23,
h1_receive_updates,52.6,49.5,30.90918597727507,955.3777777777777,13,97,
h4_init_interest,39.6,21.5,32.335738742141025,1045.6,11,89,
h4_receive_updates,52.3,46.5,30.637848778557835,938.6777777777778,14,97,
name,mean,median,stdev,variance,value
h3_initial_tree_size_uncompressed,1076184.0,1076184.0,0.0,0,
h3_initial_updates_size_uncompressed,18936.0,18936.0,0.0,0,
h3_update_packet_size,6536.0,6536.0,0.0,0,
h3_compressed_updates_size,6536.0,6536.0,0.0,0,
num_packets_queue,1.0,1.0,0.0,0,
h3_tree_packet_size,8800.0,8800.0,0.0,0,
h3_compressed_tree_size,208576.0,208576.0,0.0,0,
num_packets_tree,24.0,24.0,0.0,0,
h3_received_tree_update_uncompressed,18864.0,18864.0,0.0,0,
h3_received_tree_update_compressed,18864.0,18864.0,0.0,0,
h0_initial_tree_size_uncompressed,1076184.0,1076184.0,0.0,0,
h0_initial_updates_size_uncompressed,18936.0,18936.0,0.0,0,
h0_update_packet_size,6528.0,6528.0,0.0,0,
h0_compressed_updates_size,6528.0,6528.0,0.0,0,
h0_tree_packet_size,8800.0,8800.0,0.0,0,
h0_compressed_tree_size,208632.0,208632.0,0.0,0,
h2_initial_tree_size_uncompressed,1076184.0,1076184.0,0.0,0,
h2_initial_updates_size_uncompressed,18936.0,18936.0,0.0,0,
h2_update_packet_size,6536.0,6536.0,0.0,0,
h2_compressed_updates_size,6536.0,6536.0,0.0,0,
h2_tree_packet_size,8800.0,8800.0,0.0,0,
h2_compressed_tree_size,208576.0,208576.0,0.0,0,
h2_received_tree_update_uncompressed,18864.0,18864.0,0.0,0,
h2_received_tree_update_compressed,18864.0,18864.0,0.0,0,
h1_initial_tree_size_uncompressed,1076184.0,1076184.0,0.0,0,
h1_initial_updates_size_uncompressed,18936.0,18936.0,0.0,0,
h1_update_packet_size,6536.0,6536.0,0.0,0,
h1_compressed_updates_size,6536.0,6536.0,0.0,0,
h1_tree_packet_size,8800.0,8800.0,0.0,0,
h1_compressed_tree_size,208576.0,208576.0,0.0,0,
h1_received_tree_update_uncompressed,18864.0,18864.0,0.0,0,
h1_received_tree_update_compressed,18864.0,18864.0,0.0,0,
h4_initial_tree_size_uncompressed,1076184.0,1076184.0,0.0,0,
h4_initial_updates_size_uncompressed,18936.0,18936.0,0.0,0,
h4_update_packet_size,6536.0,6536.0,0.0,0,
h4_compressed_updates_size,6536.0,6536.0,0.0,0,
h4_tree_packet_size,8800.0,8800.0,0.0,0,
h4_compressed_tree_size,208576.0,208576.0,0.0,0,
h4_received_tree_update_uncompressed,18864.0,18864.0,0.0,0,
h4_received_tree_update_compressed,18864.0,18864.0,0.0,0,
