name,size
h9_initial_tree_size_uncompressed,6656
h9_initial_updates_size_uncompressed,312
h9_update_packet_size,256
h9_compressed_updates_size,256
h9_tree_packet_size,1112
h9_compressed_tree_size,1112
h9_received_tree_update_uncompressed,2032
h9_received_tree_update_compressed,2032
h3_initial_tree_size_uncompressed,6704
h3_initial_updates_size_uncompressed,336
h3_update_packet_size,280
h3_compressed_updates_size,280
h3_tree_packet_size,1160
h3_compressed_tree_size,1160
h3_received_tree_update_uncompressed,2032
h3_received_tree_update_compressed,2032
h8_initial_tree_size_uncompressed,6624
h8_initial_updates_size_uncompressed,296
h8_update_packet_size,232
h8_compressed_updates_size,232
h8_tree_packet_size,1072
h8_compressed_tree_size,1072
h8_received_tree_update_uncompressed,2032
h8_received_tree_update_compressed,2032
h6_initial_tree_size_uncompressed,6704
h6_initial_updates_size_uncompressed,336
h6_update_packet_size,280
h6_compressed_updates_size,280
h6_tree_packet_size,1152
h6_compressed_tree_size,1152
h6_received_tree_update_uncompressed,2032
h6_received_tree_update_compressed,2032
h0_initial_tree_size_uncompressed,208056
h0_initial_updates_size_uncompressed,2096
h0_update_packet_size,856
h0_compressed_updates_size,856
h0_tree_packet_size,8800
h0_compressed_tree_size,38784
h2_initial_tree_size_uncompressed,6672
h2_initial_updates_size_uncompressed,320
h2_update_packet_size,264
h2_compressed_updates_size,264
h2_tree_packet_size,1128
h2_compressed_tree_size,1128
h2_received_tree_update_uncompressed,2032
h2_received_tree_update_compressed,2032
h7_initial_tree_size_uncompressed,6656
h7_initial_updates_size_uncompressed,312
h7_update_packet_size,248
h7_compressed_updates_size,248
h7_tree_packet_size,1104
h7_compressed_tree_size,1104
h7_received_tree_update_uncompressed,2032
h7_received_tree_update_compressed,2032
h1_initial_tree_size_uncompressed,6688
h1_initial_updates_size_uncompressed,328
h1_update_packet_size,272
h1_compressed_updates_size,272
h1_tree_packet_size,1144
h1_compressed_tree_size,1144
h1_received_tree_update_uncompressed,2032
h1_received_tree_update_compressed,2032
h5_initial_tree_size_uncompressed,6624
h5_initial_updates_size_uncompressed,296
h5_update_packet_size,240
h5_compressed_updates_size,240
h5_tree_packet_size,1072
h5_compressed_tree_size,1072
h5_received_tree_update_uncompressed,2032
h5_received_tree_update_compressed,2032
h4_initial_tree_size_uncompressed,6704
h4_initial_updates_size_uncompressed,336
h4_update_packet_size,272
h4_compressed_updates_size,272
h4_tree_packet_size,1152
h4_compressed_tree_size,1152
h4_received_tree_update_uncompressed,2032
h4_received_tree_update_compressed,2032
