name,size
h9_initial_tree_size_uncompressed,6720
h9_initial_updates_size_uncompressed,344
h9_update_packet_size,288
h9_compressed_updates_size,288
h9_tree_packet_size,1168
h9_compressed_tree_size,1168
h9_received_tree_update_uncompressed,1912
h9_received_tree_update_compressed,1912
h3_initial_tree_size_uncompressed,6672
h3_initial_updates_size_uncompressed,320
h3_update_packet_size,256
h3_compressed_updates_size,256
h3_tree_packet_size,1120
h3_compressed_tree_size,1120
h3_received_tree_update_uncompressed,1912
h3_received_tree_update_compressed,1912
h8_initial_tree_size_uncompressed,6640
h8_initial_updates_size_uncompressed,304
h8_update_packet_size,248
h8_compressed_updates_size,248
h8_tree_packet_size,1096
h8_compressed_tree_size,1096
h8_received_tree_update_uncompressed,1912
h8_received_tree_update_compressed,1912
h6_initial_tree_size_uncompressed,6720
h6_initial_updates_size_uncompressed,344
h6_update_packet_size,288
h6_compressed_updates_size,288
h6_tree_packet_size,1176
h6_compressed_tree_size,1176
h6_received_tree_update_uncompressed,1912
h6_received_tree_update_compressed,1912
h0_initial_tree_size_uncompressed,198416
h0_initial_updates_size_uncompressed,2000
h0_update_packet_size,744
h0_compressed_updates_size,744
h0_tree_packet_size,8800
h0_compressed_tree_size,36984
h2_initial_tree_size_uncompressed,6672
h2_initial_updates_size_uncompressed,320
h2_update_packet_size,264
h2_compressed_updates_size,264
h2_tree_packet_size,1120
h2_compressed_tree_size,1120
h2_received_tree_update_uncompressed,1912
h2_received_tree_update_compressed,1912
h7_initial_tree_size_uncompressed,6640
h7_initial_updates_size_uncompressed,304
h7_update_packet_size,248
h7_compressed_updates_size,248
h7_tree_packet_size,1088
h7_compressed_tree_size,1088
h7_received_tree_update_uncompressed,1912
h7_received_tree_update_compressed,1912
h1_initial_tree_size_uncompressed,6704
h1_initial_updates_size_uncompressed,336
h1_update_packet_size,280
h1_compressed_updates_size,280
h1_tree_packet_size,1160
h1_compressed_tree_size,1160
h1_received_tree_update_uncompressed,1912
h1_received_tree_update_compressed,1912
h5_initial_tree_size_uncompressed,6656
h5_initial_updates_size_uncompressed,312
h5_update_packet_size,256
h5_compressed_updates_size,256
h5_tree_packet_size,1104
h5_compressed_tree_size,1104
h5_received_tree_update_uncompressed,1912
h5_received_tree_update_compressed,1912
h4_initial_tree_size_uncompressed,6656
h4_initial_updates_size_uncompressed,312
h4_update_packet_size,256
h4_compressed_updates_size,256
h4_tree_packet_size,1104
h4_compressed_tree_size,1104
h4_received_tree_update_uncompressed,1912
h4_received_tree_update_compressed,1912
