name,size
h9_initial_tree_size_uncompressed,6688
h9_initial_updates_size_uncompressed,328
h9_update_packet_size,272
h9_compressed_updates_size,272
h9_tree_packet_size,1144
h9_compressed_tree_size,1144
h9_received_tree_update_uncompressed,2000
h9_received_tree_update_compressed,2000
h3_initial_tree_size_uncompressed,6672
h3_initial_updates_size_uncompressed,320
h3_update_packet_size,264
h3_compressed_updates_size,264
h3_tree_packet_size,1128
h3_compressed_tree_size,1128
h3_received_tree_update_uncompressed,2000
h3_received_tree_update_compressed,2000
h8_initial_tree_size_uncompressed,6672
h8_initial_updates_size_uncompressed,320
h8_update_packet_size,264
h8_compressed_updates_size,264
h8_tree_packet_size,1120
h8_compressed_tree_size,1120
h8_received_tree_update_uncompressed,2000
h8_received_tree_update_compressed,2000
h6_initial_tree_size_uncompressed,6656
h6_initial_updates_size_uncompressed,312
h6_update_packet_size,256
h6_compressed_updates_size,256
h6_tree_packet_size,1104
h6_compressed_tree_size,1104
h6_received_tree_update_uncompressed,2000
h6_received_tree_update_compressed,2000
h0_initial_tree_size_uncompressed,206488
h0_initial_updates_size_uncompressed,2040
h0_update_packet_size,848
h0_compressed_updates_size,848
h0_tree_packet_size,8800
h0_compressed_tree_size,38880
h2_initial_tree_size_uncompressed,6624
h2_initial_updates_size_uncompressed,296
h2_update_packet_size,240
h2_compressed_updates_size,240
h2_tree_packet_size,1072
h2_compressed_tree_size,1072
h2_received_tree_update_uncompressed,2000
h2_received_tree_update_compressed,2000
h7_initial_tree_size_uncompressed,6624
h7_initial_updates_size_uncompressed,296
h7_update_packet_size,240
h7_compressed_updates_size,240
h7_tree_packet_size,1072
h7_compressed_tree_size,1072
h7_received_tree_update_uncompressed,2000
h7_received_tree_update_compressed,2000
h1_initial_tree_size_uncompressed,6640
h1_initial_updates_size_uncompressed,304
h1_update_packet_size,240
h1_compressed_updates_size,240
h1_tree_packet_size,1088
h1_compressed_tree_size,1088
h1_received_tree_update_uncompressed,2000
h1_received_tree_update_compressed,2000
h5_initial_tree_size_uncompressed,6656
h5_initial_updates_size_uncompressed,312
h5_update_packet_size,256
h5_compressed_updates_size,256
h5_tree_packet_size,1112
h5_compressed_tree_size,1112
h5_received_tree_update_uncompressed,2000
h5_received_tree_update_compressed,2000
h4_initial_tree_size_uncompressed,6640
h4_initial_updates_size_uncompressed,304
h4_update_packet_size,248
h4_compressed_updates_size,248
h4_tree_packet_size,1088
h4_compressed_tree_size,1088
h4_received_tree_update_uncompressed,2000
h4_received_tree_update_compressed,2000
