name,size
h9_initial_tree_size_uncompressed,6688
h9_initial_updates_size_uncompressed,328
h9_update_packet_size,272
h9_compressed_updates_size,272
h9_tree_packet_size,1144
h9_compressed_tree_size,1144
h9_received_tree_update_uncompressed,2048
h9_received_tree_update_compressed,2048
h3_initial_tree_size_uncompressed,6688
h3_initial_updates_size_uncompressed,328
h3_update_packet_size,272
h3_compressed_updates_size,272
h3_tree_packet_size,1144
h3_compressed_tree_size,1144
h3_received_tree_update_uncompressed,2048
h3_received_tree_update_compressed,2048
h8_initial_tree_size_uncompressed,6704
h8_initial_updates_size_uncompressed,336
h8_update_packet_size,272
h8_compressed_updates_size,272
h8_tree_packet_size,1152
h8_compressed_tree_size,1152
h8_received_tree_update_uncompressed,2048
h8_received_tree_update_compressed,2048
h6_initial_tree_size_uncompressed,6672
h6_initial_updates_size_uncompressed,320
h6_update_packet_size,264
h6_compressed_updates_size,264
h6_tree_packet_size,1120
h6_compressed_tree_size,1120
h6_received_tree_update_uncompressed,2048
h6_received_tree_update_compressed,2048
h0_initial_tree_size_uncompressed,203696
h0_initial_updates_size_uncompressed,2088
h0_update_packet_size,888
h0_compressed_updates_size,888
h0_tree_packet_size,8800
h0_compressed_tree_size,37784
h2_initial_tree_size_uncompressed,6688
h2_initial_updates_size_uncompressed,328
h2_update_packet_size,264
h2_compressed_updates_size,264
h2_tree_packet_size,1136
h2_compressed_tree_size,1136
h2_received_tree_update_uncompressed,2048
h2_received_tree_update_compressed,2048
h7_initial_tree_size_uncompressed,6656
h7_initial_updates_size_uncompressed,312
h7_update_packet_size,256
h7_compressed_updates_size,256
h7_tree_packet_size,1112
h7_compressed_tree_size,1112
h7_received_tree_update_uncompressed,2048
h7_received_tree_update_compressed,2048
h1_initial_tree_size_uncompressed,6672
h1_initial_updates_size_uncompressed,320
h1_update_packet_size,264
h1_compressed_updates_size,264
h1_tree_packet_size,1128
h1_compressed_tree_size,1128
h1_received_tree_update_uncompressed,2048
h1_received_tree_update_compressed,2048
h5_initial_tree_size_uncompressed,6624
h5_initial_updates_size_uncompressed,296
h5_update_packet_size,240
h5_compressed_updates_size,240
h5_tree_packet_size,1080
h5_compressed_tree_size,1080
h5_received_tree_update_uncompressed,2048
h5_received_tree_update_compressed,2048
h4_initial_tree_size_uncompressed,6656
h4_initial_updates_size_uncompressed,312
h4_update_packet_size,256
h4_compressed_updates_size,256
h4_tree_packet_size,1112
h4_compressed_tree_size,1112
h4_received_tree_update_uncompressed,2048
h4_received_tree_update_compressed,2048
