name,size
h9_initial_tree_size_uncompressed,6672
h9_initial_updates_size_uncompressed,320
h9_update_packet_size,264
h9_compressed_updates_size,264
h9_tree_packet_size,1128
h9_compressed_tree_size,1128
h9_received_tree_update_uncompressed,1976
h9_received_tree_update_compressed,1976
h3_initial_tree_size_uncompressed,6688
h3_initial_updates_size_uncompressed,328
h3_update_packet_size,272
h3_compressed_updates_size,272
h3_tree_packet_size,1136
h3_compressed_tree_size,1136
h3_received_tree_update_uncompressed,1976
h3_received_tree_update_compressed,1976
h8_initial_tree_size_uncompressed,6720
h8_initial_updates_size_uncompressed,344
h8_update_packet_size,288
h8_compressed_updates_size,288
h8_tree_packet_size,1176
h8_compressed_tree_size,1176
h8_received_tree_update_uncompressed,1976
h8_received_tree_update_compressed,1976
h6_initial_tree_size_uncompressed,6704
h6_initial_updates_size_uncompressed,336
h6_update_packet_size,272
h6_compressed_updates_size,272
h6_tree_packet_size,1152
h6_compressed_tree_size,1152
h6_received_tree_update_uncompressed,1976
h6_received_tree_update_compressed,1976
h0_initial_tree_size_uncompressed,201392
h0_initial_updates_size_uncompressed,2040
h0_update_packet_size,808
h0_compressed_updates_size,808
h0_tree_packet_size,8800
h0_compressed_tree_size,37480
h2_initial_tree_size_uncompressed,6704
h2_initial_updates_size_uncompressed,336
h2_update_packet_size,280
h2_compressed_updates_size,280
h2_tree_packet_size,1160
h2_compressed_tree_size,1160
h2_received_tree_update_uncompressed,1976
h2_received_tree_update_compressed,1976
h7_initial_tree_size_uncompressed,6640
h7_initial_updates_size_uncompressed,304
h7_update_packet_size,240
h7_compressed_updates_size,240
h7_tree_packet_size,1088
h7_compressed_tree_size,1088
h7_received_tree_update_uncompressed,1976
h7_received_tree_update_compressed,1976
h1_initial_tree_size_uncompressed,6640
h1_initial_updates_size_uncompressed,304
h1_update_packet_size,248
h1_compressed_updates_size,248
h1_tree_packet_size,1096
h1_compressed_tree_size,1096
h1_received_tree_update_uncompressed,1976
h1_received_tree_update_compressed,1976
h5_initial_tree_size_uncompressed,6640
h5_initial_updates_size_uncompressed,304
h5_update_packet_size,248
h5_compressed_updates_size,248
h5_tree_packet_size,1088
h5_compressed_tree_size,1088
h5_received_tree_update_uncompressed,1976
h5_received_tree_update_compressed,1976
h4_initial_tree_size_uncompressed,6624
h4_initial_updates_size_uncompressed,296
h4_update_packet_size,232
h4_compressed_updates_size,232
h4_tree_packet_size,1072
h4_compressed_tree_size,1072
h4_received_tree_update_uncompressed,1976
h4_received_tree_update_compressed,1976
