name,size
h9_initial_tree_size_uncompressed,6640
h9_initial_updates_size_uncompressed,304
h9_update_packet_size,240
h9_compressed_updates_size,240
h9_tree_packet_size,1088
h9_compressed_tree_size,1088
h9_received_tree_update_uncompressed,1928
h9_received_tree_update_compressed,1928
h3_initial_tree_size_uncompressed,6720
h3_initial_updates_size_uncompressed,344
h3_update_packet_size,280
h3_compressed_updates_size,280
h3_tree_packet_size,1168
h3_compressed_tree_size,1168
h3_received_tree_update_uncompressed,1928
h3_received_tree_update_compressed,1928
h8_initial_tree_size_uncompressed,6704
h8_initial_updates_size_uncompressed,336
h8_update_packet_size,272
h8_compressed_updates_size,272
h8_tree_packet_size,1152
h8_compressed_tree_size,1152
h8_received_tree_update_uncompressed,1928
h8_received_tree_update_compressed,1928
h6_initial_tree_size_uncompressed,6656
h6_initial_updates_size_uncompressed,312
h6_update_packet_size,256
h6_compressed_updates_size,256
h6_tree_packet_size,1104
h6_compressed_tree_size,1104
h6_received_tree_update_uncompressed,1928
h6_received_tree_update_compressed,1928
h0_initial_tree_size_uncompressed,209056
h0_initial_updates_size_uncompressed,1976
h0_update_packet_size,768
h0_compressed_updates_size,768
h0_tree_packet_size,8800
h0_compressed_tree_size,38832
h2_initial_tree_size_uncompressed,6704
h2_initial_updates_size_uncompressed,336
h2_update_packet_size,272
h2_compressed_updates_size,272
h2_tree_packet_size,1152
h2_compressed_tree_size,1152
h2_received_tree_update_uncompressed,1928
h2_received_tree_update_compressed,1928
h7_initial_tree_size_uncompressed,6640
h7_initial_updates_size_uncompressed,304
h7_update_packet_size,248
h7_compressed_updates_size,248
h7_tree_packet_size,1096
h7_compressed_tree_size,1096
h7_received_tree_update_uncompressed,1928
h7_received_tree_update_compressed,1928
h1_initial_tree_size_uncompressed,6720
h1_initial_updates_size_uncompressed,344
h1_update_packet_size,288
h1_compressed_updates_size,288
h1_tree_packet_size,1176
h1_compressed_tree_size,1176
h1_received_tree_update_uncompressed,1928
h1_received_tree_update_compressed,1928
h5_initial_tree_size_uncompressed,6640
h5_initial_updates_size_uncompressed,304
h5_update_packet_size,248
h5_compressed_updates_size,248
h5_tree_packet_size,1096
h5_compressed_tree_size,1096
h5_received_tree_update_uncompressed,1928
h5_received_tree_update_compressed,1928
h4_initial_tree_size_uncompressed,6688
h4_initial_updates_size_uncompressed,328
h4_update_packet_size,264
h4_compressed_updates_size,264
h4_tree_packet_size,1136
h4_compressed_tree_size,1136
h4_received_tree_update_uncompressed,1928
h4_received_tree_update_compressed,1928
