name,size
h9_initial_tree_size_uncompressed,6720
h9_initial_updates_size_uncompressed,344
h9_update_packet_size,288
h9_compressed_updates_size,288
h9_tree_packet_size,1168
h9_compressed_tree_size,1168
h9_received_tree_update_uncompressed,1936
h9_received_tree_update_compressed,1936
h3_initial_tree_size_uncompressed,6624
h3_initial_updates_size_uncompressed,296
h3_update_packet_size,240
h3_compressed_updates_size,240
h3_tree_packet_size,1080
h3_compressed_tree_size,1080
h3_received_tree_update_uncompressed,1936
h3_received_tree_update_compressed,1936
h8_initial_tree_size_uncompressed,6672
h8_initial_updates_size_uncompressed,320
h8_update_packet_size,264
h8_compressed_updates_size,264
h8_tree_packet_size,1128
h8_compressed_tree_size,1128
h8_received_tree_update_uncompressed,1936
h8_received_tree_update_compressed,1936
h6_initial_tree_size_uncompressed,6640
h6_initial_updates_size_uncompressed,304
h6_update_packet_size,248
h6_compressed_updates_size,248
h6_tree_packet_size,1096
h6_compressed_tree_size,1096
h6_received_tree_update_uncompressed,1936
h6_received_tree_update_compressed,1936
h0_initial_tree_size_uncompressed,205856
h0_initial_updates_size_uncompressed,1992
h0_update_packet_size,776
h0_compressed_updates_size,776
h0_tree_packet_size,8800
h0_compressed_tree_size,38368
h2_initial_tree_size_uncompressed,6640
h2_initial_updates_size_uncompressed,304
h2_update_packet_size,248
h2_compressed_updates_size,248
h2_tree_packet_size,1096
h2_compressed_tree_size,1096
h2_received_tree_update_uncompressed,1936
h2_received_tree_update_compressed,1936
h7_initial_tree_size_uncompressed,6624
h7_initial_updates_size_uncompressed,296
h7_update_packet_size,240
h7_compressed_updates_size,240
h7_tree_packet_size,1072
h7_compressed_tree_size,1072
h7_received_tree_update_uncompressed,1936
h7_received_tree_update_compressed,1936
h1_initial_tree_size_uncompressed,6656
h1_initial_updates_size_uncompressed,312
h1_update_packet_size,256
h1_compressed_updates_size,256
h1_tree_packet_size,1112
h1_compressed_tree_size,1112
h1_received_tree_update_uncompressed,1936
h1_received_tree_update_compressed,1936
h5_initial_tree_size_uncompressed,6624
h5_initial_updates_size_uncompressed,296
h5_update_packet_size,240
h5_compressed_updates_size,240
h5_tree_packet_size,1072
h5_compressed_tree_size,1072
h5_received_tree_update_uncompressed,1936
h5_received_tree_update_compressed,1936
h4_initial_tree_size_uncompressed,6704
h4_initial_updates_size_uncompressed,336
h4_update_packet_size,280
h4_compressed_updates_size,280
h4_tree_packet_size,1160
h4_compressed_tree_size,1160
h4_received_tree_update_uncompressed,1936
h4_received_tree_update_compressed,1936
