name,mean,median,stdev,variance,min,max,value
h0_init_interest,36.8,11.0,37.291047480893084,1390.6222222222223,9,102,
h1_init_interest,24.8,11.0,21.064978835340266,443.73333333333335,10,71,
h1_join_update,58.4,39.0,40.69998634998406,1656.4888888888888,21,116,
name,mean,median,stdev,variance,value
h0_initial_tree_size_uncompressed,1076184.0,1076184.0,0.0,0,
h0_initial_updates_size_uncompressed,18936.0,18936.0,0.0,0,
h0_update_packet_size,6536.0,6536.0,0.0,0,
h0_compressed_updates_size,6536.0,6536.0,0.0,0,
num_packets_queue,1.0,1.0,0.0,0,
h0_tree_packet_size,8800.0,8800.0,0.0,0,
h0_compressed_tree_size,208576.0,208576.0,0.0,0,
num_packets_tree,24.0,24.0,0.0,0,
h1_received_tree_size,1115096.0,1115096.0,0.0,0,
h1_received_compressed_tree_size,205544.0,205544.0,0.0,0,
