name,mean,median,stdev,variance,min,max,value
h3_init_interest,22.2,17.0,16.52472894381831,273.0666666666666,8,60,
sync_request,4.875,4.0,1.6042811314473373,2.573717948717949,3,9,
h3_receive_updates,36.0,14.0,31.411250638372657,986.6666666666666,10,77,
sync_update,51.9,29.0,30.228022319254254,913.7333333333333,23,93,
h0_init_interest,18.6,18.5,8.859395514869448,78.4888888888889,8,39,
h2_init_interest,16.6,13.5,9.179687721631202,84.26666666666667,8,39,
h2_receive_updates,35.5,14.0,31.366117600578708,983.8333333333334,9,78,
h1_init_interest,18.1,14.0,9.158481193832184,83.87777777777778,8,39,
h1_receive_updates,35.3,13.0,31.520892542354613,993.5666666666666,9,78,
h4_init_interest,25.7,22.5,18.4032002047953,338.6777777777778,7,51,
h4_receive_updates,36.2,14.5,30.774448275585165,947.0666666666667,9,78,
name,mean,median,stdev,variance,value
h3_initial_tree_size_uncompressed,1076184.0,1076184.0,0.0,0,
h3_initial_updates_size_uncompressed,18936.0,18936.0,0.0,0,
h3_update_packet_size,6536.0,6536.0,0.0,0,
h3_compressed_updates_size,6536.0,6536.0,0.0,0,
h3_tree_packet_size,8800.0,8800.0,0.0,0,
h3_compressed_tree_size,208576.0,208576.0,0.0,0,
h3_received_tree_update_uncompressed,18864.0,18864.0,0.0,0,
h3_received_tree_update_compressed,18864.0,18864.0,0.0,0,
h0_initial_tree_size_uncompressed,1076184.0,1076184.0,0.0,0,
h0_initial_updates_size_uncompressed,18936.0,18936.0,0.0,0,
h0_update_packet_size,6528.0,6528.0,0.0,0,
h0_compressed_updates_size,6528.0,6528.0,0.0,0,
h0_tree_packet_size,8800.0,8800.0,0.0,0,
h0_compressed_tree_size,208632.0,208632.0,0.0,0,
h2_initial_tree_size_uncompressed,1076184.0,1076184.0,0.0,0,
h2_initial_updates_size_uncompressed,18936.0,18936.0,0.0,0,
h2_update_packet_size,6536.0,6536.0,0.0,0,
h2_compressed_updates_size,6536.0,6536.0,0.0,0,
h2_tree_packet_size,8800.0,8800.0,0.0,0,
h2_compressed_tree_size,208576.0,208576.0,0.0,0,
h2_received_tree_update_uncompressed,18864.0,18864.0,0.0,0,
h2_received_tree_update_compressed,18864.0,18864.0,0.0,0,
h1_initial_tree_size_uncompressed,1076184.0,1076184.0,0.0,0,
h1_initial_updates_size_uncompressed,18936.0,18936.0,0.0,0,
h1_update_packet_size,6536.0,6536.0,0.0,0,
h1_compressed_updates_size,6536.0,6536.0,0.0,0,
h1_tree_packet_size,8800.0,8800.0,0.0,0,
h1_compressed_tree_size,208576.0,208576.0,0.0,0,
h1_received_tree_update_uncompressed,18864.0,18864.0,0.0,0,
h1_received_tree_update_compressed,18864.0,18864.0,0.0,0,
h4_initial_tree_size_uncompressed,1076184.0,1076184.0,0.0,0,
h4_initial_updates_size_uncompressed,18936.0,18936.0,0.0,0,
h4_update_packet_size,6536.0,6536.0,0.0,0,
h4_compressed_updates_size,6536.0,6536.0,0.0,0,
h4_tree_packet_size,8800.0,8800.0,0.0,0,
h4_compressed_tree_size,208576.0,208576.0,0.0,0,
h4_received_tree_update_uncompressed,18864.0,18864.0,0.0,0,
h4_received_tree_update_compressed,18864.0,18864.0,0.0,0,
