name,mean,median,stdev,variance,value
h0_init_interest,48.4,33.0,39.67142828563426,1573.8222222222223,
h1_init_interest,26.7,13.5,21.244868661501403,451.3444444444444,
h1_join_update,27.1,15.5,34.620000641889725,1198.5444444444447,
name,mean,median,stdev,variance,value
h0_initial_tree_size_uncompressed,33515.2,33712.0,1004.4749651213591,1008969.9555555555,
h0_initial_updates_size_uncompressed,2032.8,2044.0,50.095020821545845,2509.5111111111114,
h0_update_packet_size,836.8,840.0,56.71919134355379,3217.0666666666666,
h0_compressed_updates_size,836.8,840.0,56.71919134355379,3217.0666666666666,
h0_tree_packet_size,6357.6,6324.0,209.36475348061813,43833.6,
h0_compressed_tree_size,6357.6,6324.0,209.36475348061813,43833.6,
h1_received_tree_size,34814.4,35024.0,1054.7116720275314,1112416.711111111,
h1_received_compressed_tree_size,6268.8,6236.0,209.6413869232674,43949.51111111111,
