name,size
h13_received_tree_update_uncompressed,1968
h13_received_tree_update_compressed,1968
h13_initial_tree_size_uncompressed,5824
h13_initial_updates_size_uncompressed,304
h13_update_packet_size,248
h13_compressed_updates_size,248
h13_tree_packet_size,1096
h13_compressed_tree_size,1096
h9_initial_tree_size_uncompressed,6640
h9_initial_updates_size_uncompressed,304
h9_update_packet_size,240
h9_compressed_updates_size,240
h9_tree_packet_size,1088
h9_compressed_tree_size,1088
h9_received_tree_update_uncompressed,1968
h9_received_tree_update_compressed,1968
h3_initial_tree_size_uncompressed,6640
h3_initial_updates_size_uncompressed,304
h3_update_packet_size,248
h3_compressed_updates_size,248
h3_tree_packet_size,1088
h3_compressed_tree_size,1088
h3_received_tree_update_uncompressed,1968
h3_received_tree_update_compressed,1968
h12_received_tree_update_uncompressed,1968
h12_received_tree_update_compressed,1968
h12_initial_tree_size_uncompressed,5840
h12_initial_updates_size_uncompressed,312
h12_update_packet_size,256
h12_compressed_updates_size,256
h12_tree_packet_size,1112
h12_compressed_tree_size,1112
h11_received_tree_update_uncompressed,1968
h11_received_tree_update_compressed,1968
h11_initial_tree_size_uncompressed,5856
h11_initial_updates_size_uncompressed,320
h11_update_packet_size,256
h11_compressed_updates_size,256
h11_tree_packet_size,1120
h11_compressed_tree_size,1120
h8_initial_tree_size_uncompressed,6704
h8_initial_updates_size_uncompressed,336
h8_update_packet_size,280
h8_compressed_updates_size,280
h8_tree_packet_size,1160
h8_compressed_tree_size,1160
h8_received_tree_update_uncompressed,1968
h8_received_tree_update_compressed,1968
h10_received_tree_update_uncompressed,1968
h10_received_tree_update_compressed,1968
h10_initial_tree_size_uncompressed,5840
h10_initial_updates_size_uncompressed,312
h10_update_packet_size,248
h10_compressed_updates_size,248
h10_tree_packet_size,1104
h10_compressed_tree_size,1104
h6_initial_tree_size_uncompressed,6672
h6_initial_updates_size_uncompressed,320
h6_update_packet_size,264
h6_compressed_updates_size,264
h6_tree_packet_size,1128
h6_compressed_tree_size,1128
h6_received_tree_update_uncompressed,1968
h6_received_tree_update_compressed,1968
h0_initial_tree_size_uncompressed,210024
h0_initial_updates_size_uncompressed,2048
h0_update_packet_size,824
h0_compressed_updates_size,824
h0_tree_packet_size,8800
h0_compressed_tree_size,39224
h2_initial_tree_size_uncompressed,6640
h2_initial_updates_size_uncompressed,304
h2_update_packet_size,248
h2_compressed_updates_size,248
h2_tree_packet_size,1096
h2_compressed_tree_size,1096
h2_received_tree_update_uncompressed,1968
h2_received_tree_update_compressed,1968
h7_received_tree_update_uncompressed,1968
h7_received_tree_update_compressed,1968
h7_initial_tree_size_uncompressed,5856
h7_initial_updates_size_uncompressed,320
h7_update_packet_size,256
h7_compressed_updates_size,256
h7_tree_packet_size,1120
h7_compressed_tree_size,1120
h1_initial_tree_size_uncompressed,6624
h1_initial_updates_size_uncompressed,296
h1_update_packet_size,232
h1_compressed_updates_size,232
h1_tree_packet_size,1072
h1_compressed_tree_size,1072
h1_received_tree_update_uncompressed,1968
h1_received_tree_update_compressed,1968
h14_received_tree_update_uncompressed,1968
h14_received_tree_update_compressed,1968
h14_initial_tree_size_uncompressed,5888
h14_initial_updates_size_uncompressed,336
h14_update_packet_size,272
h14_compressed_updates_size,272
h14_tree_packet_size,1152
h14_compressed_tree_size,1152
h5_initial_tree_size_uncompressed,6688
h5_initial_updates_size_uncompressed,328
h5_update_packet_size,272
h5_compressed_updates_size,272
h5_tree_packet_size,1144
h5_compressed_tree_size,1144
h5_received_tree_update_uncompressed,1968
h5_received_tree_update_compressed,1968
h4_initial_tree_size_uncompressed,6688
h4_initial_updates_size_uncompressed,328
h4_update_packet_size,272
h4_compressed_updates_size,272
h4_tree_packet_size,1136
h4_compressed_tree_size,1136
h4_received_tree_update_uncompressed,1968
h4_received_tree_update_compressed,1968
