name,size
h13_received_tree_update_uncompressed,1992
h13_received_tree_update_compressed,1992
h13_initial_tree_size_uncompressed,5872
h13_initial_updates_size_uncompressed,328
h13_update_packet_size,272
h13_compressed_updates_size,272
h13_tree_packet_size,1144
h13_compressed_tree_size,1144
h9_initial_tree_size_uncompressed,6688
h9_initial_updates_size_uncompressed,328
h9_update_packet_size,264
h9_compressed_updates_size,264
h9_tree_packet_size,1136
h9_compressed_tree_size,1136
h9_received_tree_update_uncompressed,1992
h9_received_tree_update_compressed,1992
h3_initial_tree_size_uncompressed,6624
h3_initial_updates_size_uncompressed,296
h3_update_packet_size,240
h3_compressed_updates_size,240
h3_tree_packet_size,1080
h3_compressed_tree_size,1080
h3_received_tree_update_uncompressed,1992
h3_received_tree_update_compressed,1992
h12_received_tree_update_uncompressed,1992
h12_received_tree_update_compressed,1992
h12_initial_tree_size_uncompressed,5904
h12_initial_updates_size_uncompressed,344
h12_update_packet_size,280
h12_compressed_updates_size,280
h12_tree_packet_size,1168
h12_compressed_tree_size,1168
h11_received_tree_update_uncompressed,1992
h11_received_tree_update_compressed,1992
h11_initial_tree_size_uncompressed,5808
h11_initial_updates_size_uncompressed,296
h11_update_packet_size,240
h11_compressed_updates_size,240
h11_tree_packet_size,1080
h11_compressed_tree_size,1080
h8_initial_tree_size_uncompressed,6688
h8_initial_updates_size_uncompressed,328
h8_update_packet_size,264
h8_compressed_updates_size,264
h8_tree_packet_size,1136
h8_compressed_tree_size,1136
h8_received_tree_update_uncompressed,1992
h8_received_tree_update_compressed,1992
h10_initial_tree_size_uncompressed,6688
h10_initial_updates_size_uncompressed,328
h10_update_packet_size,272
h10_compressed_updates_size,272
h10_tree_packet_size,1136
h10_compressed_tree_size,1136
h10_received_tree_update_uncompressed,1992
h10_received_tree_update_compressed,1992
h6_initial_tree_size_uncompressed,6672
h6_initial_updates_size_uncompressed,320
h6_update_packet_size,264
h6_compressed_updates_size,264
h6_tree_packet_size,1128
h6_compressed_tree_size,1128
h6_received_tree_update_uncompressed,1992
h6_received_tree_update_compressed,1992
h0_initial_tree_size_uncompressed,210952
h0_initial_updates_size_uncompressed,2056
h0_update_packet_size,840
h0_compressed_updates_size,840
h0_tree_packet_size,8800
h0_compressed_tree_size,39040
h2_initial_tree_size_uncompressed,6704
h2_initial_updates_size_uncompressed,336
h2_update_packet_size,272
h2_compressed_updates_size,272
h2_tree_packet_size,1152
h2_compressed_tree_size,1152
h2_received_tree_update_uncompressed,1992
h2_received_tree_update_compressed,1992
h7_received_tree_update_uncompressed,1992
h7_received_tree_update_compressed,1992
h7_initial_tree_size_uncompressed,5872
h7_initial_updates_size_uncompressed,328
h7_update_packet_size,264
h7_compressed_updates_size,264
h7_tree_packet_size,1136
h7_compressed_tree_size,1136
h1_initial_tree_size_uncompressed,6640
h1_initial_updates_size_uncompressed,304
h1_update_packet_size,248
h1_compressed_updates_size,248
h1_tree_packet_size,1096
h1_compressed_tree_size,1096
h1_received_tree_update_uncompressed,1992
h1_received_tree_update_compressed,1992
h14_received_tree_update_uncompressed,1992
h14_received_tree_update_compressed,1992
h14_initial_tree_size_uncompressed,5872
h14_initial_updates_size_uncompressed,328
h14_update_packet_size,272
h14_compressed_updates_size,272
h14_tree_packet_size,1144
h14_compressed_tree_size,1144
h5_initial_tree_size_uncompressed,6624
h5_initial_updates_size_uncompressed,296
h5_update_packet_size,240
h5_compressed_updates_size,240
h5_tree_packet_size,1080
h5_compressed_tree_size,1080
h5_received_tree_update_uncompressed,1992
h5_received_tree_update_compressed,1992
h4_initial_tree_size_uncompressed,6688
h4_initial_updates_size_uncompressed,328
h4_update_packet_size,272
h4_compressed_updates_size,272
h4_tree_packet_size,1144
h4_compressed_tree_size,1144
h4_received_tree_update_uncompressed,1992
h4_received_tree_update_compressed,1992
