name,size
h13_initial_tree_size_uncompressed,6688
h13_initial_updates_size_uncompressed,328
h13_update_packet_size,272
h13_compressed_updates_size,272
h13_received_tree_update_uncompressed,2032
h13_received_tree_update_compressed,2032
h13_tree_packet_size,6496
h13_compressed_tree_size,6496
h9_initial_tree_size_uncompressed,6608
h9_initial_updates_size_uncompressed,288
h9_update_packet_size,232
h9_compressed_updates_size,232
h9_tree_packet_size,1064
h9_compressed_tree_size,1064
h9_received_tree_update_uncompressed,2032
h9_received_tree_update_compressed,2032
h3_initial_tree_size_uncompressed,6672
h3_initial_updates_size_uncompressed,320
h3_update_packet_size,264
h3_compressed_updates_size,264
h3_tree_packet_size,1120
h3_compressed_tree_size,1120
h3_received_tree_update_uncompressed,2032
h3_received_tree_update_compressed,2032
h12_initial_tree_size_uncompressed,6624
h12_initial_updates_size_uncompressed,296
h12_update_packet_size,240
h12_compressed_updates_size,240
h12_tree_packet_size,1072
h12_compressed_tree_size,1072
h12_received_tree_update_uncompressed,2032
h12_received_tree_update_compressed,2032
h11_initial_tree_size_uncompressed,6640
h11_initial_updates_size_uncompressed,304
h11_update_packet_size,248
h11_compressed_updates_size,248
h11_tree_packet_size,1096
h11_compressed_tree_size,1096
h11_received_tree_update_uncompressed,2032
h11_received_tree_update_compressed,2032
h8_initial_tree_size_uncompressed,6624
h8_initial_updates_size_uncompressed,296
h8_update_packet_size,240
h8_compressed_updates_size,240
h8_tree_packet_size,1080
h8_compressed_tree_size,1080
h8_received_tree_update_uncompressed,2032
h8_received_tree_update_compressed,2032
h10_initial_tree_size_uncompressed,6624
h10_initial_updates_size_uncompressed,296
h10_update_packet_size,240
h10_compressed_updates_size,240
h10_tree_packet_size,1072
h10_compressed_tree_size,1072
h10_received_tree_update_uncompressed,2032
h10_received_tree_update_compressed,2032
h6_initial_tree_size_uncompressed,6640
h6_initial_updates_size_uncompressed,304
h6_update_packet_size,248
h6_compressed_updates_size,248
h6_tree_packet_size,1096
h6_compressed_tree_size,1096
h6_received_tree_update_uncompressed,2032
h6_received_tree_update_compressed,2032
h0_initial_tree_size_uncompressed,198840
h0_initial_updates_size_uncompressed,2072
h0_update_packet_size,856
h0_compressed_updates_size,856
h0_tree_packet_size,8800
h0_compressed_tree_size,37368
h2_initial_tree_size_uncompressed,6640
h2_initial_updates_size_uncompressed,304
h2_update_packet_size,240
h2_compressed_updates_size,240
h2_tree_packet_size,1088
h2_compressed_tree_size,1088
h2_received_tree_update_uncompressed,2032
h2_received_tree_update_compressed,2032
h7_initial_tree_size_uncompressed,6624
h7_initial_updates_size_uncompressed,296
h7_update_packet_size,240
h7_compressed_updates_size,240
h7_tree_packet_size,1080
h7_compressed_tree_size,1080
h7_received_tree_update_uncompressed,2032
h7_received_tree_update_compressed,2032
h1_initial_tree_size_uncompressed,6672
h1_initial_updates_size_uncompressed,320
h1_update_packet_size,264
h1_compressed_updates_size,264
h1_tree_packet_size,1128
h1_compressed_tree_size,1128
h1_received_tree_update_uncompressed,2032
h1_received_tree_update_compressed,2032
h14_initial_tree_size_uncompressed,6688
h14_initial_updates_size_uncompressed,328
h14_update_packet_size,264
h14_compressed_updates_size,264
h14_tree_packet_size,1136
h14_compressed_tree_size,1136
h14_received_tree_update_uncompressed,2032
h14_received_tree_update_compressed,2032
h5_initial_tree_size_uncompressed,6672
h5_initial_updates_size_uncompressed,320
h5_update_packet_size,264
h5_compressed_updates_size,264
h5_tree_packet_size,1128
h5_compressed_tree_size,1128
h5_received_tree_update_uncompressed,2032
h5_received_tree_update_compressed,2032
h4_initial_tree_size_uncompressed,6672
h4_initial_updates_size_uncompressed,320
h4_update_packet_size,264
h4_compressed_updates_size,264
h4_tree_packet_size,1120
h4_compressed_tree_size,1120
h4_received_tree_update_uncompressed,2032
h4_received_tree_update_compressed,2032
