name,size
h13_received_tree_update_uncompressed,1928
h13_received_tree_update_compressed,1928
h13_initial_tree_size_uncompressed,5824
h13_initial_updates_size_uncompressed,304
h13_update_packet_size,248
h13_compressed_updates_size,248
h13_tree_packet_size,1096
h13_compressed_tree_size,1096
h9_initial_tree_size_uncompressed,6624
h9_initial_updates_size_uncompressed,296
h9_update_packet_size,240
h9_compressed_updates_size,240
h9_tree_packet_size,1072
h9_compressed_tree_size,1072
h9_received_tree_update_uncompressed,1928
h9_received_tree_update_compressed,1928
h3_initial_tree_size_uncompressed,6672
h3_initial_updates_size_uncompressed,320
h3_update_packet_size,264
h3_compressed_updates_size,264
h3_tree_packet_size,1120
h3_compressed_tree_size,1120
h3_received_tree_update_uncompressed,1928
h3_received_tree_update_compressed,1928
h12_initial_tree_size_uncompressed,6688
h12_initial_updates_size_uncompressed,328
h12_update_packet_size,264
h12_compressed_updates_size,264
h12_tree_packet_size,1136
h12_compressed_tree_size,1136
h12_received_tree_update_uncompressed,1928
h12_received_tree_update_compressed,1928
h11_initial_tree_size_uncompressed,6624
h11_initial_updates_size_uncompressed,296
h11_update_packet_size,240
h11_compressed_updates_size,240
h11_tree_packet_size,1080
h11_compressed_tree_size,1080
h11_received_tree_update_uncompressed,1928
h11_received_tree_update_compressed,1928
h8_initial_tree_size_uncompressed,6672
h8_initial_updates_size_uncompressed,320
h8_update_packet_size,264
h8_compressed_updates_size,264
h8_tree_packet_size,1128
h8_compressed_tree_size,1128
h8_received_tree_update_uncompressed,1928
h8_received_tree_update_compressed,1928
h10_initial_tree_size_uncompressed,6624
h10_initial_updates_size_uncompressed,296
h10_update_packet_size,232
h10_compressed_updates_size,232
h10_tree_packet_size,1072
h10_compressed_tree_size,1072
h10_received_tree_update_uncompressed,1928
h10_received_tree_update_compressed,1928
h6_initial_tree_size_uncompressed,6640
h6_initial_updates_size_uncompressed,304
h6_update_packet_size,248
h6_compressed_updates_size,248
h6_tree_packet_size,1096
h6_compressed_tree_size,1096
h6_received_tree_update_uncompressed,1928
h6_received_tree_update_compressed,1928
h0_initial_tree_size_uncompressed,198312
h0_initial_updates_size_uncompressed,1976
h0_update_packet_size,760
h0_compressed_updates_size,760
h0_tree_packet_size,8800
h0_compressed_tree_size,37088
h2_initial_tree_size_uncompressed,6656
h2_initial_updates_size_uncompressed,312
h2_update_packet_size,256
h2_compressed_updates_size,256
h2_tree_packet_size,1104
h2_compressed_tree_size,1104
h2_received_tree_update_uncompressed,1928
h2_received_tree_update_compressed,1928
h7_initial_tree_size_uncompressed,6704
h7_initial_updates_size_uncompressed,336
h7_update_packet_size,272
h7_compressed_updates_size,272
h7_tree_packet_size,1152
h7_compressed_tree_size,1152
h7_received_tree_update_uncompressed,1928
h7_received_tree_update_compressed,1928
h1_initial_tree_size_uncompressed,6640
h1_initial_updates_size_uncompressed,304
h1_update_packet_size,248
h1_compressed_updates_size,248
h1_tree_packet_size,1096
h1_compressed_tree_size,1096
h1_received_tree_update_uncompressed,1928
h1_received_tree_update_compressed,1928
h14_initial_tree_size_uncompressed,6656
h14_initial_updates_size_uncompressed,312
h14_update_packet_size,256
h14_compressed_updates_size,256
h14_tree_packet_size,1112
h14_compressed_tree_size,1112
h14_received_tree_update_uncompressed,1928
h14_received_tree_update_compressed,1928
h5_initial_tree_size_uncompressed,6640
h5_initial_updates_size_uncompressed,304
h5_update_packet_size,248
h5_compressed_updates_size,248
h5_tree_packet_size,1088
h5_compressed_tree_size,1088
h5_received_tree_update_uncompressed,1928
h5_received_tree_update_compressed,1928
h4_initial_tree_size_uncompressed,6688
h4_initial_updates_size_uncompressed,328
h4_update_packet_size,264
h4_compressed_updates_size,264
h4_tree_packet_size,1136
h4_compressed_tree_size,1136
h4_received_tree_update_uncompressed,1928
h4_received_tree_update_compressed,1928
