name,size
h13_received_tree_update_uncompressed,2048
h13_received_tree_update_compressed,2048
h13_initial_tree_size_uncompressed,5840
h13_initial_updates_size_uncompressed,312
h13_update_packet_size,248
h13_compressed_updates_size,248
h13_tree_packet_size,1104
h13_compressed_tree_size,1104
h9_initial_tree_size_uncompressed,6688
h9_initial_updates_size_uncompressed,328
h9_update_packet_size,272
h9_compressed_updates_size,272
h9_tree_packet_size,1136
h9_compressed_tree_size,1136
h9_received_tree_update_uncompressed,2048
h9_received_tree_update_compressed,2048
h3_initial_tree_size_uncompressed,6640
h3_initial_updates_size_uncompressed,304
h3_update_packet_size,248
h3_compressed_updates_size,248
h3_tree_packet_size,1096
h3_compressed_tree_size,1096
h3_received_tree_update_uncompressed,2048
h3_received_tree_update_compressed,2048
h12_received_tree_update_uncompressed,2048
h12_received_tree_update_compressed,2048
h12_initial_tree_size_uncompressed,5888
h12_initial_updates_size_uncompressed,336
h12_update_packet_size,272
h12_compressed_updates_size,272
h12_tree_packet_size,1152
h12_compressed_tree_size,1152
h11_received_tree_update_uncompressed,2048
h11_received_tree_update_compressed,2048
h11_initial_tree_size_uncompressed,5904
h11_initial_updates_size_uncompressed,344
h11_update_packet_size,288
h11_compressed_updates_size,288
h11_tree_packet_size,1168
h11_compressed_tree_size,1168
h8_initial_tree_size_uncompressed,6688
h8_initial_updates_size_uncompressed,328
h8_update_packet_size,272
h8_compressed_updates_size,272
h8_tree_packet_size,1144
h8_compressed_tree_size,1144
h8_received_tree_update_uncompressed,2048
h8_received_tree_update_compressed,2048
h10_received_tree_update_uncompressed,2048
h10_received_tree_update_compressed,2048
h10_initial_tree_size_uncompressed,5808
h10_initial_updates_size_uncompressed,296
h10_update_packet_size,240
h10_compressed_updates_size,240
h10_tree_packet_size,1072
h10_compressed_tree_size,1072
h6_initial_tree_size_uncompressed,6624
h6_initial_updates_size_uncompressed,296
h6_update_packet_size,240
h6_compressed_updates_size,240
h6_tree_packet_size,1072
h6_compressed_tree_size,1072
h6_received_tree_update_uncompressed,2048
h6_received_tree_update_compressed,2048
h0_initial_tree_size_uncompressed,211792
h0_initial_updates_size_uncompressed,2120
h0_update_packet_size,888
h0_compressed_updates_size,888
h0_tree_packet_size,8800
h0_compressed_tree_size,39432
h2_initial_tree_size_uncompressed,6688
h2_initial_updates_size_uncompressed,328
h2_update_packet_size,272
h2_compressed_updates_size,272
h2_tree_packet_size,1144
h2_compressed_tree_size,1144
h2_received_tree_update_uncompressed,2048
h2_received_tree_update_compressed,2048
h7_initial_tree_size_uncompressed,6656
h7_initial_updates_size_uncompressed,312
h7_update_packet_size,256
h7_compressed_updates_size,256
h7_tree_packet_size,1104
h7_compressed_tree_size,1104
h7_received_tree_update_uncompressed,2048
h7_received_tree_update_compressed,2048
h1_initial_tree_size_uncompressed,6672
h1_initial_updates_size_uncompressed,320
h1_update_packet_size,264
h1_compressed_updates_size,264
h1_tree_packet_size,1120
h1_compressed_tree_size,1120
h1_received_tree_update_uncompressed,2048
h1_received_tree_update_compressed,2048
h14_initial_tree_size_uncompressed,6672
h14_initial_updates_size_uncompressed,320
h14_update_packet_size,264
h14_compressed_updates_size,264
h14_tree_packet_size,1128
h14_compressed_tree_size,1128
h14_received_tree_update_uncompressed,2048
h14_received_tree_update_compressed,2048
h5_initial_tree_size_uncompressed,6672
h5_initial_updates_size_uncompressed,320
h5_update_packet_size,264
h5_compressed_updates_size,264
h5_tree_packet_size,1128
h5_compressed_tree_size,1128
h5_received_tree_update_uncompressed,2048
h5_received_tree_update_compressed,2048
h4_initial_tree_size_uncompressed,6624
h4_initial_updates_size_uncompressed,296
h4_update_packet_size,240
h4_compressed_updates_size,240
h4_tree_packet_size,1080
h4_compressed_tree_size,1080
h4_received_tree_update_uncompressed,2048
h4_received_tree_update_compressed,2048
