name,size
h13_received_tree_update_uncompressed,1856
h13_received_tree_update_compressed,1856
h13_initial_tree_size_uncompressed,5856
h13_initial_updates_size_uncompressed,320
h13_update_packet_size,264
h13_compressed_updates_size,264
h13_tree_packet_size,1128
h13_compressed_tree_size,1128
h9_initial_tree_size_uncompressed,6688
h9_initial_updates_size_uncompressed,328
h9_update_packet_size,272
h9_compressed_updates_size,272
h9_tree_packet_size,1136
h9_compressed_tree_size,1136
h9_received_tree_update_uncompressed,1856
h9_received_tree_update_compressed,1856
h3_initial_tree_size_uncompressed,6688
h3_initial_updates_size_uncompressed,328
h3_update_packet_size,272
h3_compressed_updates_size,272
h3_tree_packet_size,1136
h3_compressed_tree_size,1136
h3_received_tree_update_uncompressed,1856
h3_received_tree_update_compressed,1856
h12_initial_tree_size_uncompressed,6704
h12_initial_updates_size_uncompressed,336
h12_update_packet_size,280
h12_compressed_updates_size,280
h12_tree_packet_size,1160
h12_compressed_tree_size,1160
h12_received_tree_update_uncompressed,1856
h12_received_tree_update_compressed,1856
h11_initial_tree_size_uncompressed,6704
h11_initial_updates_size_uncompressed,336
h11_update_packet_size,280
h11_compressed_updates_size,280
h11_tree_packet_size,1152
h11_compressed_tree_size,1152
h11_received_tree_update_uncompressed,1856
h11_received_tree_update_compressed,1856
h8_initial_tree_size_uncompressed,6704
h8_initial_updates_size_uncompressed,336
h8_update_packet_size,280
h8_compressed_updates_size,280
h8_tree_packet_size,1160
h8_compressed_tree_size,1160
h8_received_tree_update_uncompressed,1856
h8_received_tree_update_compressed,1856
h10_initial_tree_size_uncompressed,6640
h10_initial_updates_size_uncompressed,304
h10_update_packet_size,248
h10_compressed_updates_size,248
h10_tree_packet_size,1096
h10_compressed_tree_size,1096
h10_received_tree_update_uncompressed,1856
h10_received_tree_update_compressed,1856
h6_initial_tree_size_uncompressed,6656
h6_initial_updates_size_uncompressed,312
h6_update_packet_size,256
h6_compressed_updates_size,256
h6_tree_packet_size,1104
h6_compressed_tree_size,1104
h6_received_tree_update_uncompressed,1856
h6_received_tree_update_compressed,1856
h0_initial_tree_size_uncompressed,208032
h0_initial_updates_size_uncompressed,1928
h0_update_packet_size,688
h0_compressed_updates_size,688
h0_tree_packet_size,8800
h0_compressed_tree_size,38376
h2_initial_tree_size_uncompressed,6672
h2_initial_updates_size_uncompressed,320
h2_update_packet_size,264
h2_compressed_updates_size,264
h2_tree_packet_size,1128
h2_compressed_tree_size,1128
h2_received_tree_update_uncompressed,1856
h2_received_tree_update_compressed,1856
h7_initial_tree_size_uncompressed,6640
h7_initial_updates_size_uncompressed,304
h7_update_packet_size,248
h7_compressed_updates_size,248
h7_tree_packet_size,1096
h7_compressed_tree_size,1096
h7_received_tree_update_uncompressed,1856
h7_received_tree_update_compressed,1856
h1_initial_tree_size_uncompressed,6672
h1_initial_updates_size_uncompressed,320
h1_update_packet_size,256
h1_compressed_updates_size,256
h1_tree_packet_size,1120
h1_compressed_tree_size,1120
h1_received_tree_update_uncompressed,1856
h1_received_tree_update_compressed,1856
h14_initial_tree_size_uncompressed,6688
h14_initial_updates_size_uncompressed,328
h14_update_packet_size,272
h14_compressed_updates_size,272
h14_tree_packet_size,1144
h14_compressed_tree_size,1144
h14_received_tree_update_uncompressed,1856
h14_received_tree_update_compressed,1856
h5_initial_tree_size_uncompressed,6688
h5_initial_updates_size_uncompressed,328
h5_update_packet_size,272
h5_compressed_updates_size,272
h5_tree_packet_size,1144
h5_compressed_tree_size,1144
h5_received_tree_update_uncompressed,1856
h5_received_tree_update_compressed,1856
h4_initial_tree_size_uncompressed,6720
h4_initial_updates_size_uncompressed,344
h4_update_packet_size,288
h4_compressed_updates_size,288
h4_tree_packet_size,1168
h4_compressed_tree_size,1168
h4_received_tree_update_uncompressed,1856
h4_received_tree_update_compressed,1856
