name,size
h13_received_tree_update_uncompressed,1896
h13_received_tree_update_compressed,1896
h13_initial_tree_size_uncompressed,5824
h13_initial_updates_size_uncompressed,304
h13_update_packet_size,248
h13_compressed_updates_size,248
h13_tree_packet_size,1096
h13_compressed_tree_size,1096
h9_initial_tree_size_uncompressed,6624
h9_initial_updates_size_uncompressed,296
h9_update_packet_size,240
h9_compressed_updates_size,240
h9_tree_packet_size,1080
h9_compressed_tree_size,1080
h9_received_tree_update_uncompressed,1896
h9_received_tree_update_compressed,1896
h3_initial_tree_size_uncompressed,6656
h3_initial_updates_size_uncompressed,312
h3_update_packet_size,256
h3_compressed_updates_size,256
h3_tree_packet_size,1112
h3_compressed_tree_size,1112
h3_received_tree_update_uncompressed,1896
h3_received_tree_update_compressed,1896
h12_received_tree_update_uncompressed,1896
h12_received_tree_update_compressed,1896
h12_initial_tree_size_uncompressed,5840
h12_initial_updates_size_uncompressed,312
h12_update_packet_size,256
h12_compressed_updates_size,256
h12_tree_packet_size,1104
h12_compressed_tree_size,1104
h11_received_tree_update_uncompressed,1896
h11_received_tree_update_compressed,1896
h11_initial_tree_size_uncompressed,5840
h11_initial_updates_size_uncompressed,312
h11_update_packet_size,248
h11_compressed_updates_size,248
h11_tree_packet_size,1104
h11_compressed_tree_size,1104
h8_initial_tree_size_uncompressed,6656
h8_initial_updates_size_uncompressed,312
h8_update_packet_size,248
h8_compressed_updates_size,248
h8_tree_packet_size,1104
h8_compressed_tree_size,1104
h8_received_tree_update_uncompressed,1896
h8_received_tree_update_compressed,1896
h10_received_tree_update_uncompressed,1896
h10_received_tree_update_compressed,1896
h10_initial_tree_size_uncompressed,5888
h10_initial_updates_size_uncompressed,336
h10_update_packet_size,280
h10_compressed_updates_size,280
h10_tree_packet_size,1160
h10_compressed_tree_size,1160
h6_initial_tree_size_uncompressed,6624
h6_initial_updates_size_uncompressed,296
h6_update_packet_size,240
h6_compressed_updates_size,240
h6_tree_packet_size,1080
h6_compressed_tree_size,1080
h6_received_tree_update_uncompressed,1896
h6_received_tree_update_compressed,1896
h0_initial_tree_size_uncompressed,205296
h0_initial_updates_size_uncompressed,1936
h0_update_packet_size,736
h0_compressed_updates_size,736
h0_tree_packet_size,8800
h0_compressed_tree_size,38112
h2_initial_tree_size_uncompressed,6656
h2_initial_updates_size_uncompressed,312
h2_update_packet_size,248
h2_compressed_updates_size,248
h2_tree_packet_size,1104
h2_compressed_tree_size,1104
h2_received_tree_update_uncompressed,1896
h2_received_tree_update_compressed,1896
h7_initial_tree_size_uncompressed,6720
h7_initial_updates_size_uncompressed,344
h7_update_packet_size,288
h7_compressed_updates_size,288
h7_tree_packet_size,1176
h7_compressed_tree_size,1176
h7_received_tree_update_uncompressed,1896
h7_received_tree_update_compressed,1896
h1_initial_tree_size_uncompressed,6656
h1_initial_updates_size_uncompressed,312
h1_update_packet_size,256
h1_compressed_updates_size,256
h1_tree_packet_size,1112
h1_compressed_tree_size,1112
h1_received_tree_update_uncompressed,1896
h1_received_tree_update_compressed,1896
h14_received_tree_update_uncompressed,1896
h14_received_tree_update_compressed,1896
h14_initial_tree_size_uncompressed,5808
h14_initial_updates_size_uncompressed,296
h14_update_packet_size,240
h14_compressed_updates_size,240
h14_tree_packet_size,1080
h14_compressed_tree_size,1080
h5_initial_tree_size_uncompressed,6688
h5_initial_updates_size_uncompressed,328
h5_update_packet_size,272
h5_compressed_updates_size,272
h5_tree_packet_size,1144
h5_compressed_tree_size,1144
h5_received_tree_update_uncompressed,1896
h5_received_tree_update_compressed,1896
h4_initial_tree_size_uncompressed,6656
h4_initial_updates_size_uncompressed,312
h4_update_packet_size,256
h4_compressed_updates_size,256
h4_tree_packet_size,1104
h4_compressed_tree_size,1104
h4_received_tree_update_uncompressed,1896
h4_received_tree_update_compressed,1896
