name,size
h13_initial_tree_size_uncompressed,6624
h13_initial_updates_size_uncompressed,296
h13_update_packet_size,232
h13_compressed_updates_size,232
h13_tree_packet_size,1072
h13_compressed_tree_size,1072
h13_received_tree_update_uncompressed,2008
h13_received_tree_update_compressed,2008
h9_initial_tree_size_uncompressed,6640
h9_initial_updates_size_uncompressed,304
h9_update_packet_size,248
h9_compressed_updates_size,248
h9_tree_packet_size,1096
h9_compressed_tree_size,1096
h9_received_tree_update_uncompressed,2008
h9_received_tree_update_compressed,2008
h3_initial_tree_size_uncompressed,6672
h3_initial_updates_size_uncompressed,320
h3_update_packet_size,264
h3_compressed_updates_size,264
h3_tree_packet_size,1128
h3_compressed_tree_size,1128
h3_received_tree_update_uncompressed,2008
h3_received_tree_update_compressed,2008
h12_initial_tree_size_uncompressed,6720
h12_initial_updates_size_uncompressed,344
h12_update_packet_size,288
h12_compressed_updates_size,288
h12_tree_packet_size,1168
h12_compressed_tree_size,1168
h12_received_tree_update_uncompressed,2008
h12_received_tree_update_compressed,2008
h11_initial_tree_size_uncompressed,6672
h11_initial_updates_size_uncompressed,320
h11_update_packet_size,256
h11_compressed_updates_size,256
h11_tree_packet_size,1120
h11_compressed_tree_size,1120
h11_received_tree_update_uncompressed,2008
h11_received_tree_update_compressed,2008
h8_initial_tree_size_uncompressed,6720
h8_initial_updates_size_uncompressed,344
h8_update_packet_size,288
h8_compressed_updates_size,288
h8_tree_packet_size,1176
h8_compressed_tree_size,1176
h8_received_tree_update_uncompressed,2008
h8_received_tree_update_compressed,2008
h10_initial_tree_size_uncompressed,6624
h10_initial_updates_size_uncompressed,296
h10_update_packet_size,240
h10_compressed_updates_size,240
h10_tree_packet_size,1080
h10_compressed_tree_size,1080
h10_received_tree_update_uncompressed,2008
h10_received_tree_update_compressed,2008
h6_initial_tree_size_uncompressed,6624
h6_initial_updates_size_uncompressed,296
h6_update_packet_size,240
h6_compressed_updates_size,240
h6_tree_packet_size,1072
h6_compressed_tree_size,1072
h6_received_tree_update_uncompressed,2008
h6_received_tree_update_compressed,2008
h0_initial_tree_size_uncompressed,210776
h0_initial_updates_size_uncompressed,2072
h0_update_packet_size,840
h0_compressed_updates_size,840
h0_tree_packet_size,8800
h0_compressed_tree_size,39088
h2_initial_tree_size_uncompressed,6704
h2_initial_updates_size_uncompressed,336
h2_update_packet_size,272
h2_compressed_updates_size,272
h2_tree_packet_size,1152
h2_compressed_tree_size,1152
h2_received_tree_update_uncompressed,2008
h2_received_tree_update_compressed,2008
h7_initial_tree_size_uncompressed,6688
h7_initial_updates_size_uncompressed,328
h7_update_packet_size,272
h7_compressed_updates_size,272
h7_tree_packet_size,1144
h7_compressed_tree_size,1144
h7_received_tree_update_uncompressed,2008
h7_received_tree_update_compressed,2008
h1_initial_tree_size_uncompressed,6624
h1_initial_updates_size_uncompressed,296
h1_update_packet_size,240
h1_compressed_updates_size,240
h1_tree_packet_size,1080
h1_compressed_tree_size,1080
h1_received_tree_update_uncompressed,2008
h1_received_tree_update_compressed,2008
h14_initial_tree_size_uncompressed,6656
h14_initial_updates_size_uncompressed,312
h14_update_packet_size,248
h14_compressed_updates_size,248
h14_tree_packet_size,1104
h14_compressed_tree_size,1104
h14_received_tree_update_uncompressed,2008
h14_received_tree_update_compressed,2008
h5_initial_tree_size_uncompressed,6640
h5_initial_updates_size_uncompressed,304
h5_update_packet_size,248
h5_compressed_updates_size,248
h5_tree_packet_size,1096
h5_compressed_tree_size,1096
h5_received_tree_update_uncompressed,2008
h5_received_tree_update_compressed,2008
h4_initial_tree_size_uncompressed,6656
h4_initial_updates_size_uncompressed,312
h4_update_packet_size,248
h4_compressed_updates_size,248
h4_tree_packet_size,1104
h4_compressed_tree_size,1104
h4_received_tree_update_uncompressed,2008
h4_received_tree_update_compressed,2008
