name,size
h13_received_tree_update_uncompressed,1968
h13_received_tree_update_compressed,1968
h13_initial_tree_size_uncompressed,5824
h13_initial_updates_size_uncompressed,304
h13_update_packet_size,248
h13_compressed_updates_size,248
h13_tree_packet_size,1088
h13_compressed_tree_size,1088
h9_initial_tree_size_uncompressed,6656
h9_initial_updates_size_uncompressed,312
h9_update_packet_size,256
h9_compressed_updates_size,256
h9_tree_packet_size,1112
h9_compressed_tree_size,1112
h9_received_tree_update_uncompressed,1968
h9_received_tree_update_compressed,1968
h3_initial_tree_size_uncompressed,6720
h3_initial_updates_size_uncompressed,344
h3_update_packet_size,288
h3_compressed_updates_size,288
h3_tree_packet_size,1176
h3_compressed_tree_size,1176
h3_received_tree_update_uncompressed,1968
h3_received_tree_update_compressed,1968
h12_initial_tree_size_uncompressed,6704
h12_initial_updates_size_uncompressed,336
h12_update_packet_size,280
h12_compressed_updates_size,280
h12_tree_packet_size,1152
h12_compressed_tree_size,1152
h12_received_tree_update_uncompressed,1968
h12_received_tree_update_compressed,1968
h11_initial_tree_size_uncompressed,6624
h11_initial_updates_size_uncompressed,296
h11_update_packet_size,240
h11_compressed_updates_size,240
h11_tree_packet_size,1072
h11_compressed_tree_size,1072
h11_received_tree_update_uncompressed,1968
h11_received_tree_update_compressed,1968
h8_initial_tree_size_uncompressed,6672
h8_initial_updates_size_uncompressed,320
h8_update_packet_size,256
h8_compressed_updates_size,256
h8_tree_packet_size,1120
h8_compressed_tree_size,1120
h8_received_tree_update_uncompressed,1968
h8_received_tree_update_compressed,1968
h10_initial_tree_size_uncompressed,6688
h10_initial_updates_size_uncompressed,328
h10_update_packet_size,272
h10_compressed_updates_size,272
h10_tree_packet_size,1144
h10_compressed_tree_size,1144
h10_received_tree_update_uncompressed,1968
h10_received_tree_update_compressed,1968
h6_initial_tree_size_uncompressed,6704
h6_initial_updates_size_uncompressed,336
h6_update_packet_size,272
h6_compressed_updates_size,272
h6_tree_packet_size,1152
h6_compressed_tree_size,1152
h6_received_tree_update_uncompressed,1968
h6_received_tree_update_compressed,1968
h0_initial_tree_size_uncompressed,204216
h0_initial_updates_size_uncompressed,2064
h0_update_packet_size,800
h0_compressed_updates_size,800
h0_tree_packet_size,8800
h0_compressed_tree_size,38240
h2_initial_tree_size_uncompressed,6608
h2_initial_updates_size_uncompressed,288
h2_update_packet_size,232
h2_compressed_updates_size,232
h2_tree_packet_size,1064
h2_compressed_tree_size,1064
h2_received_tree_update_uncompressed,1968
h2_received_tree_update_compressed,1968
h7_initial_tree_size_uncompressed,6720
h7_initial_updates_size_uncompressed,344
h7_update_packet_size,288
h7_compressed_updates_size,288
h7_tree_packet_size,1176
h7_compressed_tree_size,1176
h7_received_tree_update_uncompressed,1968
h7_received_tree_update_compressed,1968
h1_initial_tree_size_uncompressed,6688
h1_initial_updates_size_uncompressed,328
h1_update_packet_size,272
h1_compressed_updates_size,272
h1_tree_packet_size,1144
h1_compressed_tree_size,1144
h1_received_tree_update_uncompressed,1968
h1_received_tree_update_compressed,1968
h14_initial_tree_size_uncompressed,6688
h14_initial_updates_size_uncompressed,328
h14_update_packet_size,272
h14_compressed_updates_size,272
h14_tree_packet_size,1144
h14_compressed_tree_size,1144
h14_received_tree_update_uncompressed,1968
h14_received_tree_update_compressed,1968
h5_initial_tree_size_uncompressed,6624
h5_initial_updates_size_uncompressed,296
h5_update_packet_size,240
h5_compressed_updates_size,240
h5_tree_packet_size,1080
h5_compressed_tree_size,1080
h5_received_tree_update_uncompressed,1968
h5_received_tree_update_compressed,1968
h4_initial_tree_size_uncompressed,6704
h4_initial_updates_size_uncompressed,336
h4_update_packet_size,272
h4_compressed_updates_size,272
h4_tree_packet_size,1152
h4_compressed_tree_size,1152
h4_received_tree_update_uncompressed,1968
h4_received_tree_update_compressed,1968
