name,size
h13_received_tree_size,204848
h13_received_compressed_tree_size,36152
h18_received_tree_size,204848
h18_received_compressed_tree_size,36152
h9_received_tree_size,204848
h9_received_compressed_tree_size,36152
h17_received_tree_size,204848
h17_received_compressed_tree_size,36152
h3_received_tree_size,204848
h3_received_compressed_tree_size,36152
h12_received_tree_size,204848
h12_received_compressed_tree_size,36152
h11_received_tree_size,204848
h11_received_compressed_tree_size,36152
h8_received_tree_size,204848
h8_received_compressed_tree_size,36152
h10_received_tree_size,204848
h10_received_compressed_tree_size,36152
h6_received_tree_size,204848
h6_received_compressed_tree_size,36152
h0_initial_tree_size_uncompressed,197136
h0_initial_updates_size_uncompressed,2112
h0_update_packet_size,912
h0_compressed_updates_size,912
h0_tree_packet_size,8800
h0_compressed_tree_size,36752
h2_received_tree_size,204848
h2_received_compressed_tree_size,36152
h7_received_tree_size,204848
h7_received_compressed_tree_size,36152
h1_received_tree_size,204848
h1_received_compressed_tree_size,36152
h14_received_tree_size,204848
h14_received_compressed_tree_size,36152
h5_received_tree_size,204848
h5_received_compressed_tree_size,36152
h4_received_tree_size,204848
h4_received_compressed_tree_size,36152
h19_received_tree_size,204848
h19_received_compressed_tree_size,36152
h15_received_tree_size,204848
h15_received_compressed_tree_size,36152
h16_received_tree_size,204848
h16_received_compressed_tree_size,36152
