name,size
h13_received_tree_size,221472
h13_received_compressed_tree_size,38736
h18_received_tree_size,221472
h18_received_compressed_tree_size,38736
h9_received_tree_size,221472
h9_received_compressed_tree_size,38736
h17_received_tree_size,221472
h17_received_compressed_tree_size,38736
h3_received_tree_size,221472
h3_received_compressed_tree_size,38736
h12_received_tree_size,221472
h12_received_compressed_tree_size,38736
h11_received_tree_size,221472
h11_received_compressed_tree_size,38736
h8_received_tree_size,221472
h8_received_compressed_tree_size,38736
h10_received_tree_size,221472
h10_received_compressed_tree_size,38736
h6_received_tree_size,221472
h6_received_compressed_tree_size,38736
h0_initial_tree_size_uncompressed,213056
h0_initial_updates_size_uncompressed,1976
h0_update_packet_size,784
h0_compressed_updates_size,784
h0_tree_packet_size,8800
h0_compressed_tree_size,39344
h2_received_tree_size,221472
h2_received_compressed_tree_size,38736
h7_received_tree_size,221472
h7_received_compressed_tree_size,38736
h1_received_tree_size,221472
h1_received_compressed_tree_size,38736
h14_received_tree_size,221472
h14_received_compressed_tree_size,38736
h5_received_tree_size,221472
h5_received_compressed_tree_size,38736
h4_received_tree_size,221472
h4_received_compressed_tree_size,38736
h19_received_tree_size,221472
h19_received_compressed_tree_size,38736
h15_received_tree_size,221472
h15_received_compressed_tree_size,38736
h16_received_tree_size,221472
h16_received_compressed_tree_size,38736
