name,size
h13_received_tree_size,216384
h13_received_compressed_tree_size,37920
h18_received_tree_size,216384
h18_received_compressed_tree_size,37920
h9_received_tree_size,216384
h9_received_compressed_tree_size,37920
h17_received_tree_size,216384
h17_received_compressed_tree_size,37920
h3_received_tree_size,216384
h3_received_compressed_tree_size,37920
h12_received_tree_size,216384
h12_received_compressed_tree_size,37920
h11_received_tree_size,216384
h11_received_compressed_tree_size,37920
h8_received_tree_size,216384
h8_received_compressed_tree_size,37920
h10_received_tree_size,216384
h10_received_compressed_tree_size,37920
h6_received_tree_size,216384
h6_received_compressed_tree_size,37920
h0_initial_tree_size_uncompressed,208192
h0_initial_updates_size_uncompressed,2120
h0_update_packet_size,928
h0_compressed_updates_size,928
h0_tree_packet_size,8800
h0_compressed_tree_size,38520
h2_received_tree_size,216384
h2_received_compressed_tree_size,37920
h7_received_tree_size,216384
h7_received_compressed_tree_size,37920
h1_received_tree_size,216384
h1_received_compressed_tree_size,37920
h14_received_tree_size,216384
h14_received_compressed_tree_size,37920
h5_received_tree_size,216384
h5_received_compressed_tree_size,37920
h4_received_tree_size,216384
h4_received_compressed_tree_size,37920
h19_received_tree_size,216384
h19_received_compressed_tree_size,37920
h15_received_tree_size,216384
h15_received_compressed_tree_size,37920
h16_received_tree_size,216384
h16_received_compressed_tree_size,37920
