name,size
h13_received_tree_size,212056
h13_received_compressed_tree_size,37160
h18_received_tree_size,212056
h18_received_compressed_tree_size,37160
h9_received_tree_size,212056
h9_received_compressed_tree_size,37160
h17_received_tree_size,212056
h17_received_compressed_tree_size,37160
h3_received_tree_size,212056
h3_received_compressed_tree_size,37160
h12_received_tree_size,212056
h12_received_compressed_tree_size,37160
h11_received_tree_size,212056
h11_received_compressed_tree_size,37160
h8_received_tree_size,212056
h8_received_compressed_tree_size,37160
h10_received_tree_size,212056
h10_received_compressed_tree_size,37160
h6_received_tree_size,212056
h6_received_compressed_tree_size,37160
h0_initial_tree_size_uncompressed,203992
h0_initial_updates_size_uncompressed,2040
h0_update_packet_size,832
h0_compressed_updates_size,832
h0_tree_packet_size,8800
h0_compressed_tree_size,37760
h2_received_tree_size,212056
h2_received_compressed_tree_size,37160
h7_received_tree_size,212056
h7_received_compressed_tree_size,37160
h1_received_tree_size,212056
h1_received_compressed_tree_size,37160
h14_received_tree_size,212056
h14_received_compressed_tree_size,37160
h5_received_tree_size,212056
h5_received_compressed_tree_size,37160
h4_received_tree_size,212056
h4_received_compressed_tree_size,37160
h19_received_tree_size,212056
h19_received_compressed_tree_size,37160
h15_received_tree_size,212056
h15_received_compressed_tree_size,37160
h16_received_tree_size,212056
h16_received_compressed_tree_size,37160
