name,size
h13_received_tree_size,207968
h13_received_compressed_tree_size,36544
h18_received_tree_size,207968
h18_received_compressed_tree_size,36544
h9_received_tree_size,207968
h9_received_compressed_tree_size,36544
h17_received_tree_size,207968
h17_received_compressed_tree_size,36544
h3_received_tree_size,207968
h3_received_compressed_tree_size,36544
h12_received_tree_size,207968
h12_received_compressed_tree_size,36544
h11_received_tree_size,207968
h11_received_compressed_tree_size,36544
h8_received_tree_size,207968
h8_received_compressed_tree_size,36544
h10_received_tree_size,207968
h10_received_compressed_tree_size,36544
h6_received_tree_size,207968
h6_received_compressed_tree_size,36544
h0_initial_tree_size_uncompressed,200000
h0_initial_updates_size_uncompressed,2032
h0_update_packet_size,840
h0_compressed_updates_size,840
h0_tree_packet_size,8800
h0_compressed_tree_size,37144
h2_received_tree_size,207968
h2_received_compressed_tree_size,36544
h7_received_tree_size,207968
h7_received_compressed_tree_size,36544
h1_received_tree_size,207968
h1_received_compressed_tree_size,36544
h14_received_tree_size,207968
h14_received_compressed_tree_size,36544
h5_received_tree_size,207968
h5_received_compressed_tree_size,36544
h4_received_tree_size,207968
h4_received_compressed_tree_size,36544
h19_received_tree_size,207968
h19_received_compressed_tree_size,36544
h15_received_tree_size,207968
h15_received_compressed_tree_size,36544
h16_received_tree_size,207968
h16_received_compressed_tree_size,36544
