name,size
h13_received_tree_size,220608
h13_received_compressed_tree_size,38488
h18_received_tree_size,220608
h18_received_compressed_tree_size,38488
h9_received_tree_size,220608
h9_received_compressed_tree_size,38488
h17_received_tree_size,220608
h17_received_compressed_tree_size,38488
h3_received_tree_size,220608
h3_received_compressed_tree_size,38488
h12_received_tree_size,220608
h12_received_compressed_tree_size,38488
h11_received_tree_size,220608
h11_received_compressed_tree_size,38488
h8_received_tree_size,220608
h8_received_compressed_tree_size,38488
h10_received_tree_size,220608
h10_received_compressed_tree_size,38488
h6_received_tree_size,220608
h6_received_compressed_tree_size,38488
h0_initial_tree_size_uncompressed,212256
h0_initial_updates_size_uncompressed,1976
h0_update_packet_size,784
h0_compressed_updates_size,784
h0_tree_packet_size,8800
h0_compressed_tree_size,39088
h2_received_tree_size,220608
h2_received_compressed_tree_size,38488
h7_received_tree_size,220608
h7_received_compressed_tree_size,38488
h1_received_tree_size,220608
h1_received_compressed_tree_size,38488
h14_received_tree_size,220608
h14_received_compressed_tree_size,38488
h5_received_tree_size,220608
h5_received_compressed_tree_size,38488
h4_received_tree_size,220608
h4_received_compressed_tree_size,38488
h19_received_tree_size,220608
h19_received_compressed_tree_size,38488
h15_received_tree_size,220608
h15_received_compressed_tree_size,38488
h16_received_tree_size,220608
h16_received_compressed_tree_size,38488
