name,size
h13_received_tree_size,210480
h13_received_compressed_tree_size,36832
h18_received_tree_size,210480
h18_received_compressed_tree_size,36832
h9_received_tree_size,210480
h9_received_compressed_tree_size,36832
h17_received_tree_size,210480
h17_received_compressed_tree_size,36832
h3_received_tree_size,210480
h3_received_compressed_tree_size,36832
h12_received_tree_size,210480
h12_received_compressed_tree_size,36832
h11_received_tree_size,210480
h11_received_compressed_tree_size,36832
h8_received_tree_size,210480
h8_received_compressed_tree_size,36832
h10_received_tree_size,210480
h10_received_compressed_tree_size,36832
h6_received_tree_size,210480
h6_received_compressed_tree_size,36832
h0_initial_tree_size_uncompressed,202544
h0_initial_updates_size_uncompressed,2104
h0_update_packet_size,904
h0_compressed_updates_size,904
h0_tree_packet_size,8800
h0_compressed_tree_size,37440
h2_received_tree_size,210480
h2_received_compressed_tree_size,36832
h7_received_tree_size,210480
h7_received_compressed_tree_size,36832
h1_received_tree_size,210480
h1_received_compressed_tree_size,36832
h14_received_tree_size,210480
h14_received_compressed_tree_size,36832
h5_received_tree_size,210480
h5_received_compressed_tree_size,36832
h4_received_tree_size,210480
h4_received_compressed_tree_size,36832
h19_received_tree_size,210480
h19_received_compressed_tree_size,36832
h15_received_tree_size,210480
h15_received_compressed_tree_size,36832
h16_received_tree_size,210480
h16_received_compressed_tree_size,36832
