name,size
h13_received_tree_size,217504
h13_received_compressed_tree_size,38168
h18_received_tree_size,217504
h18_received_compressed_tree_size,38168
h9_received_tree_size,217504
h9_received_compressed_tree_size,38168
h17_received_tree_size,217504
h17_received_compressed_tree_size,38168
h3_received_tree_size,217504
h3_received_compressed_tree_size,38168
h12_received_tree_size,217504
h12_received_compressed_tree_size,38168
h11_received_tree_size,217504
h11_received_compressed_tree_size,38168
h8_received_tree_size,217504
h8_received_compressed_tree_size,38168
h10_received_tree_size,217504
h10_received_compressed_tree_size,38168
h6_received_tree_size,217504
h6_received_compressed_tree_size,38168
h0_initial_tree_size_uncompressed,209312
h0_initial_updates_size_uncompressed,1968
h0_update_packet_size,768
h0_compressed_updates_size,768
h0_tree_packet_size,8800
h0_compressed_tree_size,38768
h2_received_tree_size,217504
h2_received_compressed_tree_size,38168
h7_received_tree_size,217504
h7_received_compressed_tree_size,38168
h1_received_tree_size,217504
h1_received_compressed_tree_size,38168
h14_received_tree_size,217504
h14_received_compressed_tree_size,38168
h5_received_tree_size,217504
h5_received_compressed_tree_size,38168
h4_received_tree_size,217504
h4_received_compressed_tree_size,38168
h19_received_tree_size,217504
h19_received_compressed_tree_size,38168
h15_received_tree_size,217504
h15_received_compressed_tree_size,38168
h16_received_tree_size,217504
h16_received_compressed_tree_size,38168
