name,size
h13_received_tree_size,212432
h13_received_compressed_tree_size,37528
h18_received_tree_size,212432
h18_received_compressed_tree_size,37528
h9_received_tree_size,212432
h9_received_compressed_tree_size,37528
h17_received_tree_size,212432
h17_received_compressed_tree_size,37528
h3_received_tree_size,212432
h3_received_compressed_tree_size,37528
h12_received_tree_size,212432
h12_received_compressed_tree_size,37528
h11_received_tree_size,212432
h11_received_compressed_tree_size,37528
h8_received_tree_size,212432
h8_received_compressed_tree_size,37528
h10_received_tree_size,212432
h10_received_compressed_tree_size,37528
h6_received_tree_size,212432
h6_received_compressed_tree_size,37528
h0_initial_tree_size_uncompressed,204432
h0_initial_updates_size_uncompressed,2040
h0_update_packet_size,848
h0_compressed_updates_size,848
h0_tree_packet_size,8800
h0_compressed_tree_size,38128
h2_received_tree_size,212432
h2_received_compressed_tree_size,37528
h7_received_tree_size,212432
h7_received_compressed_tree_size,37528
h1_received_tree_size,212432
h1_received_compressed_tree_size,37528
h14_received_tree_size,212432
h14_received_compressed_tree_size,37528
h5_received_tree_size,212432
h5_received_compressed_tree_size,37528
h4_received_tree_size,212432
h4_received_compressed_tree_size,37528
h19_received_tree_size,212432
h19_received_compressed_tree_size,37528
h15_received_tree_size,212432
h15_received_compressed_tree_size,37528
h16_received_tree_size,212432
h16_received_compressed_tree_size,37528
