name,size
h13_received_tree_size,206432
h13_received_compressed_tree_size,36136
h18_received_tree_size,206432
h18_received_compressed_tree_size,36136
h9_received_tree_size,206432
h9_received_compressed_tree_size,36136
h17_received_tree_size,206432
h17_received_compressed_tree_size,36136
h3_received_tree_size,206432
h3_received_compressed_tree_size,36136
h12_received_tree_size,206432
h12_received_compressed_tree_size,36136
h11_received_tree_size,206432
h11_received_compressed_tree_size,36136
h8_received_tree_size,206432
h8_received_compressed_tree_size,36136
h10_received_tree_size,206432
h10_received_compressed_tree_size,36136
h6_received_tree_size,206432
h6_received_compressed_tree_size,36136
h0_initial_tree_size_uncompressed,198624
h0_initial_updates_size_uncompressed,2008
h0_update_packet_size,816
h0_compressed_updates_size,816
h0_tree_packet_size,8800
h0_compressed_tree_size,36744
h2_received_tree_size,206432
h2_received_compressed_tree_size,36136
h7_received_tree_size,206432
h7_received_compressed_tree_size,36136
h1_received_tree_size,206432
h1_received_compressed_tree_size,36136
h14_received_tree_size,206432
h14_received_compressed_tree_size,36136
h5_received_tree_size,206432
h5_received_compressed_tree_size,36136
h4_received_tree_size,206432
h4_received_compressed_tree_size,36136
h19_received_tree_size,206432
h19_received_compressed_tree_size,36136
h15_received_tree_size,206432
h15_received_compressed_tree_size,36136
h16_received_tree_size,206432
h16_received_compressed_tree_size,36136
