name,size
h3_initial_tree_size_uncompressed,6688
h3_initial_updates_size_uncompressed,328
h3_update_packet_size,272
h3_compressed_updates_size,272
h3_tree_packet_size,1136
h3_compressed_tree_size,1136
h3_received_tree_update_uncompressed,1952
h3_received_tree_update_compressed,1952
h0_initial_tree_size_uncompressed,33832
h0_initial_updates_size_uncompressed,2024
h0_update_packet_size,792
h0_compressed_updates_size,792
h0_tree_packet_size,6552
h0_compressed_tree_size,6552
h2_initial_tree_size_uncompressed,6624
h2_initial_updates_size_uncompressed,296
h2_update_packet_size,240
h2_compressed_updates_size,240
h2_tree_packet_size,1072
h2_compressed_tree_size,1072
h2_received_tree_update_uncompressed,1952
h2_received_tree_update_compressed,1952
h1_initial_tree_size_uncompressed,6688
h1_initial_updates_size_uncompressed,328
h1_update_packet_size,272
h1_compressed_updates_size,272
h1_tree_packet_size,1144
h1_compressed_tree_size,1144
h1_received_tree_update_uncompressed,1952
h1_received_tree_update_compressed,1952
h4_initial_tree_size_uncompressed,6640
h4_initial_updates_size_uncompressed,304
h4_update_packet_size,248
h4_compressed_updates_size,248
h4_tree_packet_size,1096
h4_compressed_tree_size,1096
h4_received_tree_update_uncompressed,1952
h4_received_tree_update_compressed,1952
