name,size
h3_initial_tree_size_uncompressed,6672
h3_initial_updates_size_uncompressed,320
h3_update_packet_size,264
h3_compressed_updates_size,264
h3_tree_packet_size,1120
h3_compressed_tree_size,1120
h3_received_tree_update_uncompressed,1896
h3_received_tree_update_compressed,1896
h0_initial_tree_size_uncompressed,34888
h0_initial_updates_size_uncompressed,1944
h0_update_packet_size,736
h0_compressed_updates_size,736
h0_tree_packet_size,6928
h0_compressed_tree_size,6928
h2_initial_tree_size_uncompressed,6624
h2_initial_updates_size_uncompressed,296
h2_update_packet_size,240
h2_compressed_updates_size,240
h2_tree_packet_size,1072
h2_compressed_tree_size,1072
h2_received_tree_update_uncompressed,1896
h2_received_tree_update_compressed,1896
h1_initial_tree_size_uncompressed,6656
h1_initial_updates_size_uncompressed,312
h1_update_packet_size,256
h1_compressed_updates_size,256
h1_tree_packet_size,1112
h1_compressed_tree_size,1112
h1_received_tree_update_uncompressed,1896
h1_received_tree_update_compressed,1896
h4_initial_tree_size_uncompressed,6624
h4_initial_updates_size_uncompressed,296
h4_update_packet_size,240
h4_compressed_updates_size,240
h4_received_tree_update_uncompressed,1896
h4_received_tree_update_compressed,1896
h4_tree_packet_size,6408
h4_compressed_tree_size,6408
