name,size
h3_initial_tree_size_uncompressed,6624
h3_initial_updates_size_uncompressed,296
h3_update_packet_size,240
h3_compressed_updates_size,240
h3_tree_packet_size,1080
h3_compressed_tree_size,1080
h3_received_tree_update_uncompressed,1984
h3_received_tree_update_compressed,1984
h0_initial_tree_size_uncompressed,32432
h0_initial_updates_size_uncompressed,2040
h0_update_packet_size,816
h0_compressed_updates_size,816
h0_tree_packet_size,6576
h0_compressed_tree_size,6576
h2_initial_tree_size_uncompressed,6640
h2_initial_updates_size_uncompressed,304
h2_update_packet_size,248
h2_compressed_updates_size,248
h2_tree_packet_size,1096
h2_compressed_tree_size,1096
h2_received_tree_update_uncompressed,1984
h2_received_tree_update_compressed,1984
h1_initial_tree_size_uncompressed,6704
h1_initial_updates_size_uncompressed,336
h1_update_packet_size,280
h1_compressed_updates_size,280
h1_tree_packet_size,1152
h1_compressed_tree_size,1152
h1_received_tree_update_uncompressed,1984
h1_received_tree_update_compressed,1984
h4_initial_tree_size_uncompressed,6704
h4_initial_updates_size_uncompressed,336
h4_update_packet_size,280
h4_compressed_updates_size,280
h4_tree_packet_size,1160
h4_compressed_tree_size,1160
h4_received_tree_update_uncompressed,1984
h4_received_tree_update_compressed,1984
