name,size
h3_initial_tree_size_uncompressed,6704
h3_initial_updates_size_uncompressed,336
h3_update_packet_size,272
h3_compressed_updates_size,272
h3_tree_packet_size,1152
h3_compressed_tree_size,1152
h3_received_tree_update_uncompressed,1984
h3_received_tree_update_compressed,1984
h0_initial_tree_size_uncompressed,31848
h0_initial_updates_size_uncompressed,2040
h0_update_packet_size,824
h0_compressed_updates_size,824
h0_tree_packet_size,6296
h0_compressed_tree_size,6296
h2_initial_tree_size_uncompressed,6656
h2_initial_updates_size_uncompressed,312
h2_update_packet_size,256
h2_compressed_updates_size,256
h2_tree_packet_size,1112
h2_compressed_tree_size,1112
h2_received_tree_update_uncompressed,1984
h2_received_tree_update_compressed,1984
h1_initial_tree_size_uncompressed,6720
h1_initial_updates_size_uncompressed,344
h1_update_packet_size,280
h1_compressed_updates_size,280
h1_tree_packet_size,1168
h1_compressed_tree_size,1168
h1_received_tree_update_uncompressed,1984
h1_received_tree_update_compressed,1984
h4_initial_tree_size_uncompressed,6720
h4_initial_updates_size_uncompressed,344
h4_update_packet_size,288
h4_compressed_updates_size,288
h4_tree_packet_size,1176
h4_compressed_tree_size,1176
h4_received_tree_update_uncompressed,1984
h4_received_tree_update_compressed,1984
