name,size
h3_initial_tree_size_uncompressed,6672
h3_initial_updates_size_uncompressed,320
h3_update_packet_size,264
h3_compressed_updates_size,264
h3_tree_packet_size,1128
h3_compressed_tree_size,1128
h3_received_tree_update_uncompressed,2048
h3_received_tree_update_compressed,2048
h0_initial_tree_size_uncompressed,31432
h0_initial_updates_size_uncompressed,2112
h0_update_packet_size,888
h0_compressed_updates_size,888
h0_tree_packet_size,6528
h0_compressed_tree_size,6528
h2_initial_tree_size_uncompressed,6640
h2_initial_updates_size_uncompressed,304
h2_update_packet_size,248
h2_compressed_updates_size,248
h2_tree_packet_size,1096
h2_compressed_tree_size,1096
h2_received_tree_update_uncompressed,2048
h2_received_tree_update_compressed,2048
h1_initial_tree_size_uncompressed,6624
h1_initial_updates_size_uncompressed,296
h1_update_packet_size,240
h1_compressed_updates_size,240
h1_tree_packet_size,1072
h1_compressed_tree_size,1072
h1_received_tree_update_uncompressed,2048
h1_received_tree_update_compressed,2048
h4_initial_tree_size_uncompressed,6640
h4_initial_updates_size_uncompressed,304
h4_update_packet_size,248
h4_compressed_updates_size,248
h4_tree_packet_size,1088
h4_compressed_tree_size,1088
h4_received_tree_update_uncompressed,2048
h4_received_tree_update_compressed,2048
