name,size
h3_initial_tree_size_uncompressed,1076184
h3_initial_updates_size_uncompressed,18936
h3_update_packet_size,6536
h3_compressed_updates_size,6536
h3_tree_packet_size,8800
h3_compressed_tree_size,208576
h3_received_tree_update_uncompressed,18864
h3_received_tree_update_compressed,18864
h0_initial_tree_size_uncompressed,1076184
h0_initial_updates_size_uncompressed,18936
h0_update_packet_size,6528
h0_compressed_updates_size,6528
h0_tree_packet_size,8800
h0_compressed_tree_size,208632
h2_initial_tree_size_uncompressed,1076184
h2_initial_updates_size_uncompressed,18936
h2_update_packet_size,6536
h2_compressed_updates_size,6536
h2_tree_packet_size,8800
h2_compressed_tree_size,208576
h2_received_tree_update_uncompressed,18864
h2_received_tree_update_compressed,18864
h1_initial_tree_size_uncompressed,1076184
h1_initial_updates_size_uncompressed,18936
h1_update_packet_size,6536
h1_compressed_updates_size,6536
h1_tree_packet_size,8800
h1_compressed_tree_size,208576
h4_initial_tree_size_uncompressed,1076184
h4_initial_updates_size_uncompressed,18936
h4_update_packet_size,6536
h4_compressed_updates_size,6536
h4_tree_packet_size,8800
h4_compressed_tree_size,208576
h4_received_tree_update_uncompressed,18864
h4_received_tree_update_compressed,18864
