name,mean,median,stdev,variance,value
h0_init_interest,27.1,12.0,28.82302320483864,830.7666666666668,
h1_init_interest,36.3,37.0,23.103871729406933,533.7888888888889,
h1_join_update,118.4,105.5,43.874062193206285,1924.9333333333334,
name,mean,median,stdev,variance,value
h0_initial_tree_size_uncompressed,5166976.0,5167584.0,3710.9960328132333,13771491.555555556,
h0_initial_updates_size_uncompressed,2056.0,2084.0,51.70858514577418,2673.777777777778,
h0_update_packet_size,856.0,880.0,56.694111001251464,3214.222222222222,
h0_compressed_updates_size,856.0,880.0,56.694111001251464,3214.222222222222,
h0_tree_packet_size,8800.0,8800.0,0.0,0,
h0_compressed_tree_size,1072623.2,1072236.0,1914.8725980249096,3666737.066666667,
h1_received_tree_size,5198230.4,5198512.0,3464.0663067813493,11999755.377777778,
h1_received_compressed_tree_size,1057008.0,1056660.0,1862.841795632564,3470179.5555555555,
