name,mean,median,stdev,variance,min,max,value
h3_init_interest,22.9,17.0,27.973995861235917,782.5444444444443,7,101,
h3_join_update,50.3,42.0,22.360928225615122,500.0111111111111,34,103,
h0_init_interest,19.4,10.5,28.11958589864209,790.711111111111,7,99,
h2_init_interest,19.3,10.5,28.51529803846038,813.1222222222223,6,100,
h2_join_update,50.0,40.5,23.46628787573072,550.6666666666666,33,104,
h1_init_interest,20.0,11.5,28.150389774289884,792.4444444444445,9,100,
h1_join_update,51.8,45.0,21.112397621618758,445.73333333333335,37,103,
h4_init_interest,12.3,8.0,13.646733430873976,186.23333333333338,7,51,
h4_join_update,52.0,46.5,17.587874611030557,309.3333333333333,38,98,
name,mean,median,stdev,variance,value
h3_received_tree_size,1115096.0,1115096.0,0.0,0,
h3_received_compressed_tree_size,205544.0,205544.0,0.0,0,
h0_initial_tree_size_uncompressed,1076184.0,1076184.0,0.0,0,
h0_initial_updates_size_uncompressed,18936.0,18936.0,0.0,0,
h0_update_packet_size,6536.0,6536.0,0.0,0,
h0_compressed_updates_size,6536.0,6536.0,0.0,0,
num_packets_queue,1.0,1.0,0.0,0,
h0_tree_packet_size,8800.0,8800.0,0.0,0,
h0_compressed_tree_size,208576.0,208576.0,0.0,0,
num_packets_tree,24.0,24.0,0.0,0,
h2_received_tree_size,1115096.0,1115096.0,0.0,0,
h2_received_compressed_tree_size,205544.0,205544.0,0.0,0,
h1_received_tree_size,1115096.0,1115096.0,0.0,0,
h1_received_compressed_tree_size,205544.0,205544.0,0.0,0,
h4_received_tree_size,1115096.0,1115096.0,0.0,0,
h4_received_compressed_tree_size,205544.0,205544.0,0.0,0,
