name,size
h3_received_tree_size,1115096
h3_received_compressed_tree_size,205544
h0_initial_tree_size_uncompressed,1076184
h0_initial_updates_size_uncompressed,18936
h0_update_packet_size,6536
h0_compressed_updates_size,6536
num_packets_queue,1
h0_tree_packet_size,8800
h0_compressed_tree_size,208576
num_packets_tree,24
h2_received_tree_size,1115096
h2_received_compressed_tree_size,205544
h1_received_tree_size,1115096
h1_received_compressed_tree_size,205544
h4_received_tree_size,1115096
h4_received_compressed_tree_size,205544
