name,mean,median,stdev,variance,min,max,value
h0_init_interest,35.4,42.5,22.217110523198105,493.6,9,64,
h1_init_interest,26.7,11.0,30.221589045654834,913.3444444444443,8,89,
h1_join_update,67.6,67.0,30.916374661693798,955.8222222222222,22,117,
name,mean,median,stdev,variance,value
h0_initial_tree_size_uncompressed,1076184.0,1076184.0,0.0,0,
h0_initial_updates_size_uncompressed,18936.0,18936.0,0.0,0,
h0_update_packet_size,6536.0,6536.0,0.0,0,
h0_compressed_updates_size,6536.0,6536.0,0.0,0,
num_packets_queue,1.0,1.0,0.0,0,
h0_tree_packet_size,8800.0,8800.0,0.0,0,
h0_compressed_tree_size,208576.0,208576.0,0.0,0,
num_packets_tree,24.0,24.0,0.0,0,
h1_received_tree_size,1115096.0,1115096.0,0.0,0,
h1_received_compressed_tree_size,205544.0,205544.0,0.0,0,
