name,size
h9_received_tree_size,36232
h9_received_compressed_tree_size,6360
h3_received_tree_size,36232
h3_received_compressed_tree_size,6360
h8_received_tree_size,36232
h8_received_compressed_tree_size,6360
h6_received_tree_size,36232
h6_received_compressed_tree_size,6360
h0_initial_tree_size_uncompressed,34856
h0_initial_updates_size_uncompressed,1952
h0_update_packet_size,760
h0_compressed_updates_size,760
h0_tree_packet_size,6448
h0_compressed_tree_size,6448
h2_received_tree_size,36232
h2_received_compressed_tree_size,6360
h7_received_tree_size,36232
h7_received_compressed_tree_size,6360
h1_received_tree_size,36232
h1_received_compressed_tree_size,6360
h5_received_tree_size,36232
h5_received_compressed_tree_size,6360
h4_received_tree_size,36232
h4_received_compressed_tree_size,6360
