name,size
h9_received_tree_size,33088
h9_received_compressed_tree_size,5968
h3_received_tree_size,33088
h3_received_compressed_tree_size,5968
h8_received_tree_size,33088
h8_received_compressed_tree_size,5968
h6_received_tree_size,33088
h6_received_compressed_tree_size,5968
h0_initial_tree_size_uncompressed,31872
h0_initial_updates_size_uncompressed,2016
h0_update_packet_size,816
h0_compressed_updates_size,816
h0_tree_packet_size,6056
h0_compressed_tree_size,6056
h2_received_tree_size,33088
h2_received_compressed_tree_size,5968
h7_received_tree_size,33088
h7_received_compressed_tree_size,5968
h1_received_tree_size,33088
h1_received_compressed_tree_size,5968
h5_received_tree_size,33088
h5_received_compressed_tree_size,5968
h4_received_tree_size,33088
h4_received_compressed_tree_size,5968
