name,size
h9_received_tree_size,33736
h9_received_compressed_tree_size,6096
h3_received_tree_size,33736
h3_received_compressed_tree_size,6096
h8_received_tree_size,33736
h8_received_compressed_tree_size,6096
h6_received_tree_size,33736
h6_received_compressed_tree_size,6096
h0_initial_tree_size_uncompressed,32488
h0_initial_updates_size_uncompressed,2032
h0_update_packet_size,840
h0_compressed_updates_size,840
h0_tree_packet_size,6192
h0_compressed_tree_size,6192
h2_received_tree_size,33736
h2_received_compressed_tree_size,6096
h7_received_tree_size,33736
h7_received_compressed_tree_size,6096
h1_received_tree_size,33736
h1_received_compressed_tree_size,6096
h5_received_tree_size,33736
h5_received_compressed_tree_size,6096
h4_received_tree_size,33736
h4_received_compressed_tree_size,6096
