name,size
h9_received_tree_size,35400
h9_received_compressed_tree_size,6536
h3_received_tree_size,35400
h3_received_compressed_tree_size,6536
h8_received_tree_size,35400
h8_received_compressed_tree_size,6536
h6_received_tree_size,35400
h6_received_compressed_tree_size,6536
h0_initial_tree_size_uncompressed,34088
h0_initial_updates_size_uncompressed,2152
h0_update_packet_size,944
h0_compressed_updates_size,944
h0_tree_packet_size,6624
h0_compressed_tree_size,6624
h2_received_tree_size,35400
h2_received_compressed_tree_size,6536
h7_received_tree_size,35400
h7_received_compressed_tree_size,6536
h1_received_tree_size,35400
h1_received_compressed_tree_size,6536
h5_received_tree_size,35400
h5_received_compressed_tree_size,6536
h4_received_tree_size,35400
h4_received_compressed_tree_size,6536
