name,size
h9_received_tree_size,35608
h9_received_compressed_tree_size,6264
h3_received_tree_size,35608
h3_received_compressed_tree_size,6264
h8_received_tree_size,35608
h8_received_compressed_tree_size,6264
h6_received_tree_size,35608
h6_received_compressed_tree_size,6264
h0_initial_tree_size_uncompressed,34296
h0_initial_updates_size_uncompressed,2024
h0_update_packet_size,808
h0_compressed_updates_size,808
h0_tree_packet_size,6352
h0_compressed_tree_size,6352
h2_received_tree_size,35608
h2_received_compressed_tree_size,6264
h7_received_tree_size,35608
h7_received_compressed_tree_size,6264
h1_received_tree_size,35608
h1_received_compressed_tree_size,6264
h5_received_tree_size,35608
h5_received_compressed_tree_size,6264
h4_received_tree_size,35608
h4_received_compressed_tree_size,6264
