name,size
h9_received_tree_size,33848
h9_received_compressed_tree_size,6120
h3_received_tree_size,33848
h3_received_compressed_tree_size,6120
h8_received_tree_size,33848
h8_received_compressed_tree_size,6120
h6_received_tree_size,33848
h6_received_compressed_tree_size,6120
h0_initial_tree_size_uncompressed,32600
h0_initial_updates_size_uncompressed,2040
h0_update_packet_size,840
h0_compressed_updates_size,840
h0_tree_packet_size,6208
h0_compressed_tree_size,6208
h2_received_tree_size,33848
h2_received_compressed_tree_size,6120
h7_received_tree_size,33848
h7_received_compressed_tree_size,6120
h1_received_tree_size,33848
h1_received_compressed_tree_size,6120
h5_received_tree_size,33848
h5_received_compressed_tree_size,6120
h4_received_tree_size,33848
h4_received_compressed_tree_size,6120
