name,size
h9_received_tree_size,31776
h9_received_compressed_tree_size,5840
h3_received_tree_size,31776
h3_received_compressed_tree_size,5840
h8_received_tree_size,31776
h8_received_compressed_tree_size,5840
h6_received_tree_size,31776
h6_received_compressed_tree_size,5840
h0_initial_tree_size_uncompressed,30624
h0_initial_updates_size_uncompressed,2072
h0_update_packet_size,872
h0_compressed_updates_size,872
h0_tree_packet_size,5928
h0_compressed_tree_size,5928
h2_received_tree_size,31776
h2_received_compressed_tree_size,5840
h7_received_tree_size,31776
h7_received_compressed_tree_size,5840
h1_received_tree_size,31776
h1_received_compressed_tree_size,5840
h5_received_tree_size,31776
h5_received_compressed_tree_size,5840
h4_received_tree_size,31776
h4_received_compressed_tree_size,5840
