name,size
h9_received_tree_size,33712
h9_received_compressed_tree_size,6032
h3_received_tree_size,33712
h3_received_compressed_tree_size,6032
h8_received_tree_size,33712
h8_received_compressed_tree_size,6032
h6_received_tree_size,33712
h6_received_compressed_tree_size,6032
h0_initial_tree_size_uncompressed,32496
h0_initial_updates_size_uncompressed,2048
h0_update_packet_size,848
h0_compressed_updates_size,848
h0_tree_packet_size,6120
h0_compressed_tree_size,6120
h2_received_tree_size,33712
h2_received_compressed_tree_size,6032
h7_received_tree_size,33712
h7_received_compressed_tree_size,6032
h1_received_tree_size,33712
h1_received_compressed_tree_size,6032
h5_received_tree_size,33712
h5_received_compressed_tree_size,6032
h4_received_tree_size,33712
h4_received_compressed_tree_size,6032
