name,size
h9_received_tree_size,35712
h9_received_compressed_tree_size,6288
h3_received_tree_size,35712
h3_received_compressed_tree_size,6288
h8_received_tree_size,35712
h8_received_compressed_tree_size,6288
h6_received_tree_size,35712
h6_received_compressed_tree_size,6288
h0_initial_tree_size_uncompressed,34368
h0_initial_updates_size_uncompressed,1976
h0_update_packet_size,768
h0_compressed_updates_size,768
h0_tree_packet_size,6376
h0_compressed_tree_size,6376
h2_received_tree_size,35712
h2_received_compressed_tree_size,6288
h7_received_tree_size,35712
h7_received_compressed_tree_size,6288
h1_received_tree_size,35712
h1_received_compressed_tree_size,6288
h5_received_tree_size,35712
h5_received_compressed_tree_size,6288
h4_received_tree_size,35712
h4_received_compressed_tree_size,6288
