name,size
h9_received_tree_size,35160
h9_received_compressed_tree_size,6352
h3_received_tree_size,35160
h3_received_compressed_tree_size,6352
h8_received_tree_size,35160
h8_received_compressed_tree_size,6352
h6_received_tree_size,35160
h6_received_compressed_tree_size,6352
h0_initial_tree_size_uncompressed,33848
h0_initial_updates_size_uncompressed,2056
h0_update_packet_size,856
h0_compressed_updates_size,856
h0_tree_packet_size,6440
h0_compressed_tree_size,6440
h2_received_tree_size,35160
h2_received_compressed_tree_size,6352
h7_received_tree_size,35160
h7_received_compressed_tree_size,6352
h1_received_tree_size,35160
h1_received_compressed_tree_size,6352
h5_received_tree_size,35160
h5_received_compressed_tree_size,6352
h4_received_tree_size,35160
h4_received_compressed_tree_size,6352
