name,mean,median,stdev,variance,value
h0_init_interest,38.3,32.0,18.85647545716502,355.56666666666666,
h1_init_interest,62.7,69.5,18.649098876055348,347.7888888888889,
h1_join_update,33.7,30.5,10.154911236550628,103.12222222222222,
name,mean,median,stdev,variance,value
h0_initial_tree_size_uncompressed,33234.4,32936.0,1075.0341803351598,1155698.4888888889,
h0_initial_updates_size_uncompressed,2037.6,2052.0,50.46274753606752,2546.4888888888886,
h0_update_packet_size,840.8,856.0,49.810306831685615,2481.0666666666666,
h0_compressed_updates_size,840.8,856.0,49.810306831685615,2481.0666666666666,
h0_tree_packet_size,6315.2,6304.0,206.90996431620528,42811.73333333334,
h0_compressed_tree_size,6315.2,6304.0,206.90996431620528,42811.73333333334,
h1_received_tree_size,34524.0,34216.0,1123.988137541199,1263349.3333333333,
h1_received_compressed_tree_size,6224.8,6212.0,204.81145801281073,41947.73333333334,
