name,size
h13_received_tree_size,207688
h13_received_compressed_tree_size,36664
h9_received_tree_size,207688
h9_received_compressed_tree_size,36664
h3_received_tree_size,207688
h3_received_compressed_tree_size,36664
h12_received_tree_size,207688
h12_received_compressed_tree_size,36664
h11_received_tree_size,207688
h11_received_compressed_tree_size,36664
h8_received_tree_size,207688
h8_received_compressed_tree_size,36664
h10_received_tree_size,207688
h10_received_compressed_tree_size,36664
h6_received_tree_size,207688
h6_received_compressed_tree_size,36664
h0_initial_tree_size_uncompressed,199816
h0_initial_updates_size_uncompressed,2080
h0_update_packet_size,896
h0_compressed_updates_size,896
h0_tree_packet_size,8800
h0_compressed_tree_size,37272
h2_received_tree_size,207688
h2_received_compressed_tree_size,36664
h7_received_tree_size,207688
h7_received_compressed_tree_size,36664
h1_received_tree_size,207688
h1_received_compressed_tree_size,36664
h14_received_tree_size,207688
h14_received_compressed_tree_size,36664
h5_received_tree_size,207688
h5_received_compressed_tree_size,36664
h4_received_tree_size,207688
h4_received_compressed_tree_size,36664
