name,size
h13_received_tree_size,207456
h13_received_compressed_tree_size,36912
h9_received_tree_size,207456
h9_received_compressed_tree_size,36912
h3_received_tree_size,207456
h3_received_compressed_tree_size,36912
h12_received_tree_size,207456
h12_received_compressed_tree_size,36912
h11_received_tree_size,207456
h11_received_compressed_tree_size,36912
h8_received_tree_size,207456
h8_received_compressed_tree_size,36912
h10_received_tree_size,207456
h10_received_compressed_tree_size,36912
h6_received_tree_size,207456
h6_received_compressed_tree_size,36912
h0_initial_tree_size_uncompressed,199520
h0_initial_updates_size_uncompressed,2064
h0_update_packet_size,872
h0_compressed_updates_size,872
h0_tree_packet_size,8800
h0_compressed_tree_size,37512
h2_received_tree_size,207456
h2_received_compressed_tree_size,36912
h7_received_tree_size,207456
h7_received_compressed_tree_size,36912
h1_received_tree_size,207456
h1_received_compressed_tree_size,36912
h14_received_tree_size,207456
h14_received_compressed_tree_size,36912
h5_received_tree_size,207456
h5_received_compressed_tree_size,36912
h4_received_tree_size,207456
h4_received_compressed_tree_size,36912
