name,size
h13_received_tree_size,223336
h13_received_compressed_tree_size,38872
h9_received_tree_size,223336
h9_received_compressed_tree_size,38872
h3_received_tree_size,223336
h3_received_compressed_tree_size,38872
h12_received_tree_size,223336
h12_received_compressed_tree_size,38872
h11_received_tree_size,223336
h11_received_compressed_tree_size,38872
h8_received_tree_size,223336
h8_received_compressed_tree_size,38872
h10_received_tree_size,223336
h10_received_compressed_tree_size,38872
h6_received_tree_size,223336
h6_received_compressed_tree_size,38872
h0_initial_tree_size_uncompressed,214920
h0_initial_updates_size_uncompressed,2072
h0_update_packet_size,880
h0_compressed_updates_size,880
h0_tree_packet_size,8800
h0_compressed_tree_size,39472
h2_received_tree_size,223336
h2_received_compressed_tree_size,38872
h7_received_tree_size,223336
h7_received_compressed_tree_size,38872
h1_received_tree_size,223336
h1_received_compressed_tree_size,38872
h14_received_tree_size,223336
h14_received_compressed_tree_size,38872
h5_received_tree_size,223336
h5_received_compressed_tree_size,38872
h4_received_tree_size,223336
h4_received_compressed_tree_size,38872
