name,size
h13_received_tree_size,213592
h13_received_compressed_tree_size,37576
h9_received_tree_size,213592
h9_received_compressed_tree_size,37576
h3_received_tree_size,213592
h3_received_compressed_tree_size,37576
h12_received_tree_size,213592
h12_received_compressed_tree_size,37576
h11_received_tree_size,213592
h11_received_compressed_tree_size,37576
h8_received_tree_size,213592
h8_received_compressed_tree_size,37576
h10_received_tree_size,213592
h10_received_compressed_tree_size,37576
h6_received_tree_size,213592
h6_received_compressed_tree_size,37576
h0_initial_tree_size_uncompressed,205560
h0_initial_updates_size_uncompressed,2104
h0_update_packet_size,912
h0_compressed_updates_size,912
h0_tree_packet_size,8800
h0_compressed_tree_size,38176
h2_received_tree_size,213592
h2_received_compressed_tree_size,37576
h7_received_tree_size,213592
h7_received_compressed_tree_size,37576
h1_received_tree_size,213592
h1_received_compressed_tree_size,37576
h14_received_tree_size,213592
h14_received_compressed_tree_size,37576
h5_received_tree_size,213592
h5_received_compressed_tree_size,37576
h4_received_tree_size,213592
h4_received_compressed_tree_size,37576
