name,size
h13_received_tree_size,218384
h13_received_compressed_tree_size,38424
h9_received_tree_size,218384
h9_received_compressed_tree_size,38424
h3_received_tree_size,218384
h3_received_compressed_tree_size,38424
h12_received_tree_size,218384
h12_received_compressed_tree_size,38424
h11_received_tree_size,218384
h11_received_compressed_tree_size,38424
h8_received_tree_size,218384
h8_received_compressed_tree_size,38424
h10_received_tree_size,218384
h10_received_compressed_tree_size,38424
h6_received_tree_size,218384
h6_received_compressed_tree_size,38424
h0_initial_tree_size_uncompressed,210064
h0_initial_updates_size_uncompressed,2080
h0_update_packet_size,880
h0_compressed_updates_size,880
h0_tree_packet_size,8800
h0_compressed_tree_size,39032
h2_received_tree_size,218384
h2_received_compressed_tree_size,38424
h7_received_tree_size,218384
h7_received_compressed_tree_size,38424
h1_received_tree_size,218384
h1_received_compressed_tree_size,38424
h14_received_tree_size,218384
h14_received_compressed_tree_size,38424
h5_received_tree_size,218384
h5_received_compressed_tree_size,38424
h4_received_tree_size,218384
h4_received_compressed_tree_size,38424
