name,size
h13_received_tree_size,212888
h13_received_compressed_tree_size,37344
h9_received_tree_size,212888
h9_received_compressed_tree_size,37344
h3_received_tree_size,212888
h3_received_compressed_tree_size,37344
h12_received_tree_size,212888
h12_received_compressed_tree_size,37344
h11_received_tree_size,212888
h11_received_compressed_tree_size,37344
h8_received_tree_size,212888
h8_received_compressed_tree_size,37344
h10_received_tree_size,212888
h10_received_compressed_tree_size,37344
h6_received_tree_size,212888
h6_received_compressed_tree_size,37344
h0_initial_tree_size_uncompressed,204824
h0_initial_updates_size_uncompressed,2064
h0_update_packet_size,864
h0_compressed_updates_size,864
h0_tree_packet_size,8800
h0_compressed_tree_size,37944
h2_received_tree_size,212888
h2_received_compressed_tree_size,37344
h7_received_tree_size,212888
h7_received_compressed_tree_size,37344
h1_received_tree_size,212888
h1_received_compressed_tree_size,37344
h14_received_tree_size,212888
h14_received_compressed_tree_size,37344
h5_received_tree_size,212888
h5_received_compressed_tree_size,37344
h4_received_tree_size,212888
h4_received_compressed_tree_size,37344
