name,size
h13_received_tree_size,217784
h13_received_compressed_tree_size,38376
h9_received_tree_size,217784
h9_received_compressed_tree_size,38376
h3_received_tree_size,217784
h3_received_compressed_tree_size,38376
h12_received_tree_size,217784
h12_received_compressed_tree_size,38376
h11_received_tree_size,217784
h11_received_compressed_tree_size,38376
h8_received_tree_size,217784
h8_received_compressed_tree_size,38376
h10_received_tree_size,217784
h10_received_compressed_tree_size,38376
h6_received_tree_size,217784
h6_received_compressed_tree_size,38376
h0_initial_tree_size_uncompressed,209528
h0_initial_updates_size_uncompressed,2048
h0_update_packet_size,848
h0_compressed_updates_size,848
h0_tree_packet_size,8800
h0_compressed_tree_size,38976
h2_received_tree_size,217784
h2_received_compressed_tree_size,38376
h7_received_tree_size,217784
h7_received_compressed_tree_size,38376
h1_received_tree_size,217784
h1_received_compressed_tree_size,38376
h14_received_tree_size,217784
h14_received_compressed_tree_size,38376
h5_received_tree_size,217784
h5_received_compressed_tree_size,38376
h4_received_tree_size,217784
h4_received_compressed_tree_size,38376
