name,size
h13_received_tree_size,211832
h13_received_compressed_tree_size,37448
h9_received_tree_size,211832
h9_received_compressed_tree_size,37448
h3_received_tree_size,211832
h3_received_compressed_tree_size,37448
h12_received_tree_size,211832
h12_received_compressed_tree_size,37448
h11_received_tree_size,211832
h11_received_compressed_tree_size,37448
h8_received_tree_size,211832
h8_received_compressed_tree_size,37448
h10_received_tree_size,211832
h10_received_compressed_tree_size,37448
h6_received_tree_size,211832
h6_received_compressed_tree_size,37448
h0_initial_tree_size_uncompressed,203736
h0_initial_updates_size_uncompressed,1976
h0_update_packet_size,792
h0_compressed_updates_size,792
h0_tree_packet_size,8800
h0_compressed_tree_size,38048
h2_received_tree_size,211832
h2_received_compressed_tree_size,37448
h7_received_tree_size,211832
h7_received_compressed_tree_size,37448
h1_received_tree_size,211832
h1_received_compressed_tree_size,37448
h14_received_tree_size,211832
h14_received_compressed_tree_size,37448
h5_received_tree_size,211832
h5_received_compressed_tree_size,37448
h4_received_tree_size,211832
h4_received_compressed_tree_size,37448
