name,size
h13_received_tree_size,217328
h13_received_compressed_tree_size,37880
h9_received_tree_size,217328
h9_received_compressed_tree_size,37880
h3_received_tree_size,217328
h3_received_compressed_tree_size,37880
h12_received_tree_size,217328
h12_received_compressed_tree_size,37880
h11_received_tree_size,217328
h11_received_compressed_tree_size,37880
h8_received_tree_size,217328
h8_received_compressed_tree_size,37880
h10_received_tree_size,217328
h10_received_compressed_tree_size,37880
h6_received_tree_size,217328
h6_received_compressed_tree_size,37880
h0_initial_tree_size_uncompressed,209072
h0_initial_updates_size_uncompressed,2040
h0_update_packet_size,840
h0_compressed_updates_size,840
h0_tree_packet_size,8800
h0_compressed_tree_size,38480
h2_received_tree_size,217328
h2_received_compressed_tree_size,37880
h7_received_tree_size,217328
h7_received_compressed_tree_size,37880
h1_received_tree_size,217328
h1_received_compressed_tree_size,37880
h14_received_tree_size,217328
h14_received_compressed_tree_size,37880
h5_received_tree_size,217328
h5_received_compressed_tree_size,37880
h4_received_tree_size,217328
h4_received_compressed_tree_size,37880
