name,size
h13_received_tree_size,216928
h13_received_compressed_tree_size,38112
h9_received_tree_size,216928
h9_received_compressed_tree_size,38112
h3_received_tree_size,216928
h3_received_compressed_tree_size,38112
h12_received_tree_size,216928
h12_received_compressed_tree_size,38112
h11_received_tree_size,216928
h11_received_compressed_tree_size,38112
h8_received_tree_size,216928
h8_received_compressed_tree_size,38112
h10_received_tree_size,216928
h10_received_compressed_tree_size,38112
h6_received_tree_size,216928
h6_received_compressed_tree_size,38112
h0_initial_tree_size_uncompressed,208672
h0_initial_updates_size_uncompressed,2024
h0_update_packet_size,824
h0_compressed_updates_size,824
h0_tree_packet_size,8800
h0_compressed_tree_size,38720
h2_received_tree_size,216928
h2_received_compressed_tree_size,38112
h7_received_tree_size,216928
h7_received_compressed_tree_size,38112
h1_received_tree_size,216928
h1_received_compressed_tree_size,38112
h14_received_tree_size,216928
h14_received_compressed_tree_size,38112
h5_received_tree_size,216928
h5_received_compressed_tree_size,38112
h4_received_tree_size,216928
h4_received_compressed_tree_size,38112
