name,size
h13_initial_tree_size_uncompressed,6688
h13_initial_updates_size_uncompressed,328
h13_update_packet_size,264
h13_compressed_updates_size,264
h13_tree_packet_size,1136
h13_compressed_tree_size,1136
h18_initial_tree_size_uncompressed,6656
h18_initial_updates_size_uncompressed,312
h18_update_packet_size,256
h18_compressed_updates_size,256
h18_tree_packet_size,1112
h18_compressed_tree_size,1112
h9_initial_tree_size_uncompressed,6640
h9_initial_updates_size_uncompressed,304
h9_update_packet_size,248
h9_compressed_updates_size,248
h9_tree_packet_size,1096
h9_compressed_tree_size,1096
h17_initial_tree_size_uncompressed,6704
h17_initial_updates_size_uncompressed,336
h17_update_packet_size,280
h17_compressed_updates_size,280
h17_tree_packet_size,1152
h17_compressed_tree_size,1152
h3_initial_tree_size_uncompressed,6640
h3_initial_updates_size_uncompressed,304
h3_update_packet_size,240
h3_compressed_updates_size,240
h3_tree_packet_size,1088
h3_compressed_tree_size,1088
h12_initial_tree_size_uncompressed,6624
h12_initial_updates_size_uncompressed,296
h12_update_packet_size,240
h12_compressed_updates_size,240
h12_tree_packet_size,1080
h12_compressed_tree_size,1080
h11_initial_tree_size_uncompressed,6672
h11_initial_updates_size_uncompressed,320
h11_update_packet_size,264
h11_compressed_updates_size,264
h11_tree_packet_size,1120
h11_compressed_tree_size,1120
h8_initial_tree_size_uncompressed,6640
h8_initial_updates_size_uncompressed,304
h8_update_packet_size,248
h8_compressed_updates_size,248
h8_tree_packet_size,1096
h8_compressed_tree_size,1096
h10_initial_tree_size_uncompressed,6672
h10_initial_updates_size_uncompressed,320
h10_update_packet_size,256
h10_compressed_updates_size,256
h10_tree_packet_size,1120
h10_compressed_tree_size,1120
h6_initial_tree_size_uncompressed,6688
h6_initial_updates_size_uncompressed,328
h6_update_packet_size,264
h6_compressed_updates_size,264
h6_tree_packet_size,1136
h6_compressed_tree_size,1136
h0_initial_tree_size_uncompressed,212088
h0_initial_updates_size_uncompressed,1976
h0_update_packet_size,776
h0_compressed_updates_size,776
h0_tree_packet_size,8800
h0_compressed_tree_size,39576
h2_initial_tree_size_uncompressed,6624
h2_initial_updates_size_uncompressed,296
h2_update_packet_size,240
h2_compressed_updates_size,240
h2_tree_packet_size,1080
h2_compressed_tree_size,1080
h7_initial_tree_size_uncompressed,6672
h7_initial_updates_size_uncompressed,320
h7_update_packet_size,256
h7_compressed_updates_size,256
h7_tree_packet_size,1120
h7_compressed_tree_size,1120
h1_initial_tree_size_uncompressed,6688
h1_initial_updates_size_uncompressed,328
h1_update_packet_size,272
h1_compressed_updates_size,272
h1_tree_packet_size,1144
h1_compressed_tree_size,1144
h14_initial_tree_size_uncompressed,6656
h14_initial_updates_size_uncompressed,312
h14_update_packet_size,256
h14_compressed_updates_size,256
h14_tree_packet_size,1112
h14_compressed_tree_size,1112
h5_initial_tree_size_uncompressed,6624
h5_initial_updates_size_uncompressed,296
h5_update_packet_size,232
h5_compressed_updates_size,232
h5_tree_packet_size,1072
h5_compressed_tree_size,1072
h4_initial_tree_size_uncompressed,6624
h4_initial_updates_size_uncompressed,296
h4_update_packet_size,240
h4_compressed_updates_size,240
h4_tree_packet_size,1080
h4_compressed_tree_size,1080
h19_initial_tree_size_uncompressed,6688
h19_initial_updates_size_uncompressed,328
h19_update_packet_size,272
h19_compressed_updates_size,272
h19_tree_packet_size,1144
h19_compressed_tree_size,1144
h15_initial_tree_size_uncompressed,6672
h15_initial_updates_size_uncompressed,320
h15_update_packet_size,256
h15_compressed_updates_size,256
h15_tree_packet_size,1120
h15_compressed_tree_size,1120
h16_initial_tree_size_uncompressed,6656
h16_initial_updates_size_uncompressed,312
h16_update_packet_size,248
h16_compressed_updates_size,248
h16_tree_packet_size,1104
h16_compressed_tree_size,1104
