name,size
h13_initial_tree_size_uncompressed,6672
h13_initial_updates_size_uncompressed,320
h13_update_packet_size,256
h13_compressed_updates_size,256
h13_tree_packet_size,1120
h13_compressed_tree_size,1120
h18_initial_tree_size_uncompressed,6640
h18_initial_updates_size_uncompressed,304
h18_update_packet_size,248
h18_compressed_updates_size,248
h18_tree_packet_size,1096
h18_compressed_tree_size,1096
h9_initial_tree_size_uncompressed,6688
h9_initial_updates_size_uncompressed,328
h9_update_packet_size,272
h9_compressed_updates_size,272
h9_tree_packet_size,1136
h9_compressed_tree_size,1136
h17_initial_tree_size_uncompressed,6656
h17_initial_updates_size_uncompressed,312
h17_update_packet_size,248
h17_compressed_updates_size,248
h17_tree_packet_size,1104
h17_compressed_tree_size,1104
h3_initial_tree_size_uncompressed,6656
h3_initial_updates_size_uncompressed,312
h3_update_packet_size,256
h3_compressed_updates_size,256
h3_tree_packet_size,1104
h3_compressed_tree_size,1104
h12_initial_tree_size_uncompressed,6672
h12_initial_updates_size_uncompressed,320
h12_update_packet_size,264
h12_compressed_updates_size,264
h12_tree_packet_size,1120
h12_compressed_tree_size,1120
h11_initial_tree_size_uncompressed,6688
h11_initial_updates_size_uncompressed,328
h11_update_packet_size,272
h11_compressed_updates_size,272
h11_tree_packet_size,1144
h11_compressed_tree_size,1144
h8_initial_tree_size_uncompressed,6720
h8_initial_updates_size_uncompressed,344
h8_update_packet_size,280
h8_compressed_updates_size,280
h8_tree_packet_size,1168
h8_compressed_tree_size,1168
h10_initial_tree_size_uncompressed,6672
h10_initial_updates_size_uncompressed,320
h10_update_packet_size,264
h10_compressed_updates_size,264
h10_tree_packet_size,1128
h10_compressed_tree_size,1128
h6_initial_tree_size_uncompressed,6624
h6_initial_updates_size_uncompressed,296
h6_update_packet_size,240
h6_compressed_updates_size,240
h6_tree_packet_size,1080
h6_compressed_tree_size,1080
h0_initial_tree_size_uncompressed,201712
h0_initial_updates_size_uncompressed,2080
h0_update_packet_size,840
h0_compressed_updates_size,840
h0_tree_packet_size,8800
h0_compressed_tree_size,37880
h2_initial_tree_size_uncompressed,6688
h2_initial_updates_size_uncompressed,328
h2_update_packet_size,272
h2_compressed_updates_size,272
h2_tree_packet_size,1144
h2_compressed_tree_size,1144
h7_initial_tree_size_uncompressed,6656
h7_initial_updates_size_uncompressed,312
h7_update_packet_size,248
h7_compressed_updates_size,248
h7_tree_packet_size,1104
h7_compressed_tree_size,1104
h1_initial_tree_size_uncompressed,6672
h1_initial_updates_size_uncompressed,320
h1_update_packet_size,264
h1_compressed_updates_size,264
h1_tree_packet_size,1120
h1_compressed_tree_size,1120
h14_initial_tree_size_uncompressed,6640
h14_initial_updates_size_uncompressed,304
h14_update_packet_size,248
h14_compressed_updates_size,248
h14_tree_packet_size,1088
h14_compressed_tree_size,1088
h5_initial_tree_size_uncompressed,6656
h5_initial_updates_size_uncompressed,312
h5_update_packet_size,248
h5_compressed_updates_size,248
h5_tree_packet_size,1104
h5_compressed_tree_size,1104
h4_initial_tree_size_uncompressed,6704
h4_initial_updates_size_uncompressed,336
h4_update_packet_size,280
h4_compressed_updates_size,280
h4_tree_packet_size,1152
h4_compressed_tree_size,1152
h19_initial_tree_size_uncompressed,6672
h19_initial_updates_size_uncompressed,320
h19_update_packet_size,264
h19_compressed_updates_size,264
h19_tree_packet_size,1128
h19_compressed_tree_size,1128
h15_initial_tree_size_uncompressed,6704
h15_initial_updates_size_uncompressed,336
h15_update_packet_size,280
h15_compressed_updates_size,280
h15_tree_packet_size,1160
h15_compressed_tree_size,1160
h16_initial_tree_size_uncompressed,6640
h16_initial_updates_size_uncompressed,304
h16_update_packet_size,248
h16_compressed_updates_size,248
h16_tree_packet_size,1096
h16_compressed_tree_size,1096
