name,size
h13_initial_tree_size_uncompressed,6672
h13_initial_updates_size_uncompressed,320
h13_update_packet_size,256
h13_compressed_updates_size,256
h13_tree_packet_size,1120
h13_compressed_tree_size,1120
h18_initial_tree_size_uncompressed,6672
h18_initial_updates_size_uncompressed,320
h18_update_packet_size,264
h18_compressed_updates_size,264
h18_tree_packet_size,1128
h18_compressed_tree_size,1128
h9_initial_tree_size_uncompressed,6640
h9_initial_updates_size_uncompressed,304
h9_update_packet_size,248
h9_compressed_updates_size,248
h9_tree_packet_size,1096
h9_compressed_tree_size,1096
h17_initial_tree_size_uncompressed,6624
h17_initial_updates_size_uncompressed,296
h17_update_packet_size,240
h17_compressed_updates_size,240
h17_tree_packet_size,1072
h17_compressed_tree_size,1072
h3_initial_tree_size_uncompressed,6656
h3_initial_updates_size_uncompressed,312
h3_update_packet_size,248
h3_compressed_updates_size,248
h3_tree_packet_size,1104
h3_compressed_tree_size,1104
h12_initial_tree_size_uncompressed,6624
h12_initial_updates_size_uncompressed,296
h12_update_packet_size,240
h12_compressed_updates_size,240
h12_tree_packet_size,1080
h12_compressed_tree_size,1080
h11_initial_tree_size_uncompressed,6640
h11_initial_updates_size_uncompressed,304
h11_update_packet_size,248
h11_compressed_updates_size,248
h11_tree_packet_size,1088
h11_compressed_tree_size,1088
h8_initial_tree_size_uncompressed,6640
h8_initial_updates_size_uncompressed,304
h8_update_packet_size,240
h8_compressed_updates_size,240
h8_tree_packet_size,1088
h8_compressed_tree_size,1088
h10_initial_tree_size_uncompressed,6656
h10_initial_updates_size_uncompressed,312
h10_update_packet_size,256
h10_compressed_updates_size,256
h10_tree_packet_size,1112
h10_compressed_tree_size,1112
h6_initial_tree_size_uncompressed,6656
h6_initial_updates_size_uncompressed,312
h6_update_packet_size,256
h6_compressed_updates_size,256
h6_tree_packet_size,1104
h6_compressed_tree_size,1104
h0_initial_tree_size_uncompressed,206472
h0_initial_updates_size_uncompressed,2096
h0_update_packet_size,848
h0_compressed_updates_size,848
h0_tree_packet_size,8800
h0_compressed_tree_size,38704
h2_initial_tree_size_uncompressed,6720
h2_initial_updates_size_uncompressed,344
h2_update_packet_size,288
h2_compressed_updates_size,288
h2_tree_packet_size,1176
h2_compressed_tree_size,1176
h7_initial_tree_size_uncompressed,6656
h7_initial_updates_size_uncompressed,312
h7_update_packet_size,256
h7_compressed_updates_size,256
h7_tree_packet_size,1104
h7_compressed_tree_size,1104
h1_initial_tree_size_uncompressed,6656
h1_initial_updates_size_uncompressed,312
h1_update_packet_size,256
h1_compressed_updates_size,256
h1_tree_packet_size,1104
h1_compressed_tree_size,1104
h14_initial_tree_size_uncompressed,6672
h14_initial_updates_size_uncompressed,320
h14_update_packet_size,264
h14_compressed_updates_size,264
h14_tree_packet_size,1128
h14_compressed_tree_size,1128
h5_initial_tree_size_uncompressed,6704
h5_initial_updates_size_uncompressed,336
h5_update_packet_size,272
h5_compressed_updates_size,272
h5_tree_packet_size,1152
h5_compressed_tree_size,1152
h4_initial_tree_size_uncompressed,6640
h4_initial_updates_size_uncompressed,304
h4_update_packet_size,248
h4_compressed_updates_size,248
h4_tree_packet_size,1088
h4_compressed_tree_size,1088
h19_initial_tree_size_uncompressed,6640
h19_initial_updates_size_uncompressed,304
h19_update_packet_size,240
h19_compressed_updates_size,240
h19_tree_packet_size,1088
h19_compressed_tree_size,1088
h15_initial_tree_size_uncompressed,6704
h15_initial_updates_size_uncompressed,336
h15_update_packet_size,280
h15_compressed_updates_size,280
h15_tree_packet_size,1160
h15_compressed_tree_size,1160
h16_initial_tree_size_uncompressed,6624
h16_initial_updates_size_uncompressed,296
h16_update_packet_size,232
h16_compressed_updates_size,232
h16_tree_packet_size,1072
h16_compressed_tree_size,1072
