name,size
h13_initial_tree_size_uncompressed,6640
h13_initial_updates_size_uncompressed,304
h13_update_packet_size,248
h13_compressed_updates_size,248
h13_tree_packet_size,1096
h13_compressed_tree_size,1096
h18_initial_tree_size_uncompressed,6624
h18_initial_updates_size_uncompressed,296
h18_update_packet_size,232
h18_compressed_updates_size,232
h18_tree_packet_size,1072
h18_compressed_tree_size,1072
h9_initial_tree_size_uncompressed,6656
h9_initial_updates_size_uncompressed,312
h9_update_packet_size,256
h9_compressed_updates_size,256
h9_tree_packet_size,1112
h9_compressed_tree_size,1112
h17_initial_tree_size_uncompressed,6688
h17_initial_updates_size_uncompressed,328
h17_update_packet_size,264
h17_compressed_updates_size,264
h17_tree_packet_size,1136
h17_compressed_tree_size,1136
h3_initial_tree_size_uncompressed,6736
h3_initial_updates_size_uncompressed,352
h3_update_packet_size,296
h3_compressed_updates_size,296
h3_tree_packet_size,1184
h3_compressed_tree_size,1184
h12_initial_tree_size_uncompressed,6624
h12_initial_updates_size_uncompressed,296
h12_update_packet_size,240
h12_compressed_updates_size,240
h12_tree_packet_size,1080
h12_compressed_tree_size,1080
h11_initial_tree_size_uncompressed,6688
h11_initial_updates_size_uncompressed,328
h11_update_packet_size,272
h11_compressed_updates_size,272
h11_tree_packet_size,1136
h11_compressed_tree_size,1136
h8_initial_tree_size_uncompressed,6720
h8_initial_updates_size_uncompressed,344
h8_update_packet_size,280
h8_compressed_updates_size,280
h8_tree_packet_size,1168
h8_compressed_tree_size,1168
h10_initial_tree_size_uncompressed,6624
h10_initial_updates_size_uncompressed,296
h10_update_packet_size,240
h10_compressed_updates_size,240
h10_tree_packet_size,1080
h10_compressed_tree_size,1080
h6_initial_tree_size_uncompressed,6640
h6_initial_updates_size_uncompressed,304
h6_update_packet_size,248
h6_compressed_updates_size,248
h6_tree_packet_size,1096
h6_compressed_tree_size,1096
h0_initial_tree_size_uncompressed,203640
h0_initial_updates_size_uncompressed,2016
h0_update_packet_size,776
h0_compressed_updates_size,776
h0_tree_packet_size,8800
h0_compressed_tree_size,37744
h2_initial_tree_size_uncompressed,6704
h2_initial_updates_size_uncompressed,336
h2_update_packet_size,280
h2_compressed_updates_size,280
h2_tree_packet_size,1152
h2_compressed_tree_size,1152
h7_initial_tree_size_uncompressed,6624
h7_initial_updates_size_uncompressed,296
h7_update_packet_size,240
h7_compressed_updates_size,240
h7_tree_packet_size,1072
h7_compressed_tree_size,1072
h1_initial_tree_size_uncompressed,6672
h1_initial_updates_size_uncompressed,320
h1_update_packet_size,256
h1_compressed_updates_size,256
h1_tree_packet_size,1120
h1_compressed_tree_size,1120
h14_initial_tree_size_uncompressed,6656
h14_initial_updates_size_uncompressed,312
h14_update_packet_size,256
h14_compressed_updates_size,256
h14_tree_packet_size,1112
h14_compressed_tree_size,1112
h5_initial_tree_size_uncompressed,6624
h5_initial_updates_size_uncompressed,296
h5_update_packet_size,240
h5_compressed_updates_size,240
h5_tree_packet_size,1080
h5_compressed_tree_size,1080
h4_initial_tree_size_uncompressed,6640
h4_initial_updates_size_uncompressed,304
h4_update_packet_size,248
h4_compressed_updates_size,248
h4_tree_packet_size,1096
h4_compressed_tree_size,1096
h19_initial_tree_size_uncompressed,6672
h19_initial_updates_size_uncompressed,320
h19_update_packet_size,256
h19_compressed_updates_size,256
h19_tree_packet_size,1120
h19_compressed_tree_size,1120
h15_initial_tree_size_uncompressed,6688
h15_initial_updates_size_uncompressed,328
h15_update_packet_size,272
h15_compressed_updates_size,272
h15_tree_packet_size,1144
h15_compressed_tree_size,1144
h16_initial_tree_size_uncompressed,6624
h16_initial_updates_size_uncompressed,296
h16_update_packet_size,240
h16_compressed_updates_size,240
h16_tree_packet_size,1080
h16_compressed_tree_size,1080
