name,size
h13_initial_tree_size_uncompressed,6672
h13_initial_updates_size_uncompressed,320
h13_update_packet_size,264
h13_compressed_updates_size,264
h13_tree_packet_size,1120
h13_compressed_tree_size,1120
h18_initial_tree_size_uncompressed,6640
h18_initial_updates_size_uncompressed,304
h18_update_packet_size,248
h18_compressed_updates_size,248
h18_tree_packet_size,1096
h18_compressed_tree_size,1096
h9_initial_tree_size_uncompressed,6672
h9_initial_updates_size_uncompressed,320
h9_update_packet_size,264
h9_compressed_updates_size,264
h9_tree_packet_size,1120
h9_compressed_tree_size,1120
h17_initial_tree_size_uncompressed,6704
h17_initial_updates_size_uncompressed,336
h17_update_packet_size,280
h17_compressed_updates_size,280
h17_tree_packet_size,1160
h17_compressed_tree_size,1160
h3_initial_tree_size_uncompressed,6688
h3_initial_updates_size_uncompressed,328
h3_update_packet_size,272
h3_compressed_updates_size,272
h3_tree_packet_size,1144
h3_compressed_tree_size,1144
h12_initial_tree_size_uncompressed,6624
h12_initial_updates_size_uncompressed,296
h12_update_packet_size,240
h12_compressed_updates_size,240
h12_tree_packet_size,1072
h12_compressed_tree_size,1072
h11_initial_tree_size_uncompressed,6704
h11_initial_updates_size_uncompressed,336
h11_update_packet_size,280
h11_compressed_updates_size,280
h11_tree_packet_size,1160
h11_compressed_tree_size,1160
h8_initial_tree_size_uncompressed,6672
h8_initial_updates_size_uncompressed,320
h8_update_packet_size,256
h8_compressed_updates_size,256
h8_tree_packet_size,1120
h8_compressed_tree_size,1120
h10_initial_tree_size_uncompressed,6656
h10_initial_updates_size_uncompressed,312
h10_update_packet_size,248
h10_compressed_updates_size,248
h10_tree_packet_size,1104
h10_compressed_tree_size,1104
h6_initial_tree_size_uncompressed,6672
h6_initial_updates_size_uncompressed,320
h6_update_packet_size,256
h6_compressed_updates_size,256
h6_tree_packet_size,1120
h6_compressed_tree_size,1120
h0_initial_tree_size_uncompressed,203584
h0_initial_updates_size_uncompressed,1968
h0_update_packet_size,736
h0_compressed_updates_size,736
h0_tree_packet_size,8800
h0_compressed_tree_size,37736
h2_initial_tree_size_uncompressed,6688
h2_initial_updates_size_uncompressed,328
h2_update_packet_size,272
h2_compressed_updates_size,272
h2_tree_packet_size,1144
h2_compressed_tree_size,1144
h7_initial_tree_size_uncompressed,6624
h7_initial_updates_size_uncompressed,296
h7_update_packet_size,240
h7_compressed_updates_size,240
h7_tree_packet_size,1072
h7_compressed_tree_size,1072
h1_initial_tree_size_uncompressed,6640
h1_initial_updates_size_uncompressed,304
h1_update_packet_size,248
h1_compressed_updates_size,248
h1_tree_packet_size,1096
h1_compressed_tree_size,1096
h14_initial_tree_size_uncompressed,6736
h14_initial_updates_size_uncompressed,352
h14_update_packet_size,288
h14_compressed_updates_size,288
h14_tree_packet_size,1184
h14_compressed_tree_size,1184
h5_initial_tree_size_uncompressed,6624
h5_initial_updates_size_uncompressed,296
h5_update_packet_size,232
h5_compressed_updates_size,232
h5_tree_packet_size,1072
h5_compressed_tree_size,1072
h4_initial_tree_size_uncompressed,6688
h4_initial_updates_size_uncompressed,328
h4_update_packet_size,272
h4_compressed_updates_size,272
h4_tree_packet_size,1144
h4_compressed_tree_size,1144
h19_initial_tree_size_uncompressed,6704
h19_initial_updates_size_uncompressed,336
h19_update_packet_size,280
h19_compressed_updates_size,280
h19_tree_packet_size,1160
h19_compressed_tree_size,1160
h15_initial_tree_size_uncompressed,6640
h15_initial_updates_size_uncompressed,304
h15_update_packet_size,248
h15_compressed_updates_size,248
h15_tree_packet_size,1096
h15_compressed_tree_size,1096
h16_initial_tree_size_uncompressed,6672
h16_initial_updates_size_uncompressed,320
h16_update_packet_size,264
h16_compressed_updates_size,264
h16_tree_packet_size,1120
h16_compressed_tree_size,1120
