name,mean,median,stdev,variance,min,max,value
h3_init_interest,42.6,39.0,12.571572870744712,158.04444444444445,30,61,
sync_request,14.175,11.0,4.595915131661582,21.122435897435896,10,27,
h3_receive_updates,62.6,77.5,31.287910338233416,978.9333333333334,23,95,
sync_update,88.675,101.5,30.960179138817853,958.5326923076923,46,130,
h0_init_interest,35.3,28.5,22.64729564429272,512.9,22,99,
h2_init_interest,39.1,30.5,23.61473174854111,557.6555555555556,23,99,
h2_receive_updates,63.1,77.5,31.589203500211553,997.8777777777779,24,95,
h1_init_interest,36.7,30.0,21.95981177818547,482.2333333333333,27,99,
h1_receive_updates,62.6,77.5,31.686660354862966,1004.0444444444445,24,95,
h4_init_interest,47.6,37.5,26.634146837805368,709.3777777777777,22,89,
h4_receive_updates,62.3,75.5,30.412168617183482,924.9,24,95,
name,mean,median,stdev,variance,value
h3_initial_tree_size_uncompressed,1076184.0,1076184.0,0.0,0,
h3_initial_updates_size_uncompressed,18936.0,18936.0,0.0,0,
h3_update_packet_size,6536.0,6536.0,0.0,0,
h3_compressed_updates_size,6536.0,6536.0,0.0,0,
num_packets_queue,1.0,1.0,0.0,0,
h3_tree_packet_size,8800.0,8800.0,0.0,0,
h3_compressed_tree_size,208576.0,208576.0,0.0,0,
num_packets_tree,24.0,24.0,0.0,0,
h3_received_tree_update_uncompressed,18864.0,18864.0,0.0,0,
h3_received_tree_update_compressed,18864.0,18864.0,0.0,0,
h0_initial_tree_size_uncompressed,1076184.0,1076184.0,0.0,0,
h0_initial_updates_size_uncompressed,18936.0,18936.0,0.0,0,
h0_update_packet_size,6528.0,6528.0,0.0,0,
h0_compressed_updates_size,6528.0,6528.0,0.0,0,
h0_tree_packet_size,8800.0,8800.0,0.0,0,
h0_compressed_tree_size,208632.0,208632.0,0.0,0,
h2_initial_tree_size_uncompressed,1076184.0,1076184.0,0.0,0,
h2_initial_updates_size_uncompressed,18936.0,18936.0,0.0,0,
h2_update_packet_size,6536.0,6536.0,0.0,0,
h2_compressed_updates_size,6536.0,6536.0,0.0,0,
h2_tree_packet_size,8800.0,8800.0,0.0,0,
h2_compressed_tree_size,208576.0,208576.0,0.0,0,
h2_received_tree_update_uncompressed,18864.0,18864.0,0.0,0,
h2_received_tree_update_compressed,18864.0,18864.0,0.0,0,
h1_initial_tree_size_uncompressed,1076184.0,1076184.0,0.0,0,
h1_initial_updates_size_uncompressed,18936.0,18936.0,0.0,0,
h1_update_packet_size,6536.0,6536.0,0.0,0,
h1_compressed_updates_size,6536.0,6536.0,0.0,0,
h1_tree_packet_size,8800.0,8800.0,0.0,0,
h1_compressed_tree_size,208576.0,208576.0,0.0,0,
h1_received_tree_update_uncompressed,18864.0,18864.0,0.0,0,
h1_received_tree_update_compressed,18864.0,18864.0,0.0,0,
h4_initial_tree_size_uncompressed,1076184.0,1076184.0,0.0,0,
h4_initial_updates_size_uncompressed,18936.0,18936.0,0.0,0,
h4_update_packet_size,6536.0,6536.0,0.0,0,
h4_compressed_updates_size,6536.0,6536.0,0.0,0,
h4_tree_packet_size,8800.0,8800.0,0.0,0,
h4_compressed_tree_size,208576.0,208576.0,0.0,0,
h4_received_tree_update_uncompressed,18864.0,18864.0,0.0,0,
h4_received_tree_update_compressed,18864.0,18864.0,0.0,0,
